di,1
"il, lo, la",2
e,3
in,4
a,5
per,6
essere,7
"un, uno, una",8
non,9
con,10
si,11
da,12
più,13
potere,14
anche,15
questo,16
fare,17
ma,18
o,19
avere,20
suo,21
tutto,22
dovere,23
se,24
anno,25
altro,26
su,27
tra,28
dire,29
primo,30
stesso,31
solo,32
parte,33
grande,34
nuovo,35
numero,36
dare,37
due,38
perché,39
andare,40
volere,41
quello,42
quanto,43
articolo,44
tempo,45
così,46
ogni,47
sempre,48
lavoro,49
loro,50
poi,51
mi,52
già,53
caso,54
stare,55
dopo,56
ancora,57
trovare,58
giorno,59
senza,60
quale,61
"alcun, alcuno",62
nostro,63
tale,64
volta,65
sapere,66
vedere,67
modo,68
molto,69
fine,70
diverso,71
ultimo,72
proprio,73
servizio,74
legge,75
chi,76
punto,77
pubblico,78
stato,79
quindi,80
italiano,81
mettere,82
mio,83
tutto,84
persona,85
vita,86
secondo,87
Italia,88
presente,89
quello,90
attività,91
mondo,92
oggi,93
prendere,94
presentare,95
tenere,96
fino,97
altro,98
cosa,99
senso,100
invece,101
portare,102
parlare,103
io,104
nazionale,105
prima,106
pensare,107
possibile,108
proprio,109
presidente,110
problema,111
se,112
chiedere,113
mai,114
base,115
ora,116
paese,117
scrivere,118
meno,119
mentre,120
rendere,121
diritto,122
sistema,123
tre,124
fatto,125
relativo,126
momento,127
corso,128
ciò,129
infatti,130
però,131
ora,132
trattare,133
qualche,134
sembrare,135
necessario,136
noi,137
venire,138
gruppo,139
termine,140
qui,141
sociale,142
uomo,143
progetto,144
unico,145
ricerca,146
secondo,147
generale,148
cercare,149
molto,150
informazione,151
fra,152
arrivare,153
consiglio,154
mese,155
livello,156
centro,157
soprattutto,158
attraverso,159
importante,160
riguardare,161
contro,162
ricordare,163
considerare,164
rapporto,165
lasciare,166
politico,167
storia,168
piccolo,169
seguire,170
svolgere,171
sentire,172
passare,173
riuscire,174
forma,175
tanto,176
intervento,177
inoltre,178
esempio,179
verso,180
europeo,181
casa,182
diventare,183
atto,184
governo,185
loro,186
forse,187
presso,188
economico,189
studio,190
parola,191
quasi,192
condizione,193
previsto,194
tipo,195
Roma,196
sotto,197
titolo,198
oltre,199
me,200
situazione,201
regione,202
programma,203
credere,204
utilizzare,205
piano,206
bene,207
posto,208
luogo,209
disposizione,210
conoscere,211
almeno,212
via,213
costituire,214
lui,215
locale,216
scuola,217
alto,218
particolare,219
ritenere,220
comune,221
realizzare,222
leggere,223
certo,224
settore,225
gli,226
periodo,227
continuare,228
vivere,229
consentire,230
circa,231
visto,232
opera,233
relazione,234
nome,235
forza,236
allora,237
rappresentare,238
porre,239
possibilità,240
risultato,241
dato,242
sviluppo,243
chiamare,244
grazie,245
comma,246
effetto,247
poco,248
commissione,249
materia,250
creare,251
tornare,252
buono,253
definire,254
valore,255
area,256
lungo,257
esistere,258
riferimento,259
pagina,260
sede,261
proporre,262
usare,263
capire,264
interesse,265
interno,266
domanda,267
campo,268
po',269
azione,270
ti,271
durante,272
società,273
aprire,274
restare,275
realtà,276
città,277
intendere,278
territorio,279
regionale,280
proposta,281
conto,282
sia,283
fondo,284
bello,285
norma,286
grado,287
nascere,288
confronto,289
internazionale,290
richiesta,291
spesso,292
solo,293
meglio,294
permettere,295
entrare,296
funzione,297
ambito,298
forte,299
prevedere,300
particolare,301
rispondere,302
seguente,303
associazione,304
rimanere,305
ordine,306
amministrazione,307
successivo,308
decidere,309
offrire,310
ottenere,311
mezzo,312
partire,313
formazione,314
li,315
iniziativa,316
struttura,317
ministro,318
questione,319
data,320
esprimere,321
richiedere,322
fa,323
strumento,324
oggetto,325
umano,326
politica,327
uso,328
obiettivo,329
no,330
comprendere,331
tanto,332
aggiungere,333
avvenire,334
ufficio,335
mano,336
risultare,337
risposta,338
ruolo,339
esperienza,340
poco,341
scelta,342
presenza,343
strada,344
le,345
contenere,346
via,347
controllo,348
famiglia,349
organizzazione,350
tema,351
fornire,352
vista,353
entro,354
prossimo,355
misura,356
decreto,357
tecnico,358
idea,359
soggetto,360
ragione,361
qualità,362
raggiungere,363
fuori,364
processo,365
inviare,366
accordo,367
iniziare,368
precedente,369
sostenere,370
superiore,371
troppo,372
inizio,373
causa,374
mercato,375
effettuare,376
fronte,377
assumere,378
specifico,379
donna,380
aspetto,381
rete,382
dicembre,383
riconoscere,384
ente,385
rispetto,386
insieme,387
indicare,388
testo,389
luglio,390
ormai,391
cittadino,392
euro,393
principale,394
tuo,395
giugno,396
lavorare,397
impresa,398
gestione,399
prodotto,400
culturale,401
perdere,402
marzo,403
sito,404
spiegare,405
servire,406
comunicazione,407
seguito,408
spazio,409
libero,410
serie,411
oltre,412
pieno,413
ambiente,414
intero,415
cioè,416
cultura,417
linea,418
partecipare,419
stabilire,420
nulla,421
guardare,422
sicurezza,423
produrre,424
cambiare,425
scegliere,426
occasione,427
lettera,428
civile,429
pubblicare,430
attenzione,431
migliore,432
motivo,433
garantire,434
comune,435
questo,436
incontro,437
cominciare,438
posizione,439
nonché,440
inserire,441
terzo,442
elemento,443
finire,444
libro,445
semplice,446
uscire,447
modalità,448
dedicare,449
milione,450
personale,451
settembre,452
disporre,453
istituto,454
maggio,455
ricevere,456
Milano,457
risorsa,458
dunque,459
qualcosa,460
scorso,461
guerra,462
bambino,463
zona,464
organizzare,465
aprile,466
documento,467
nessuno,468
esame,469
bastare,470
gennaio,471
bisogno,472
privato,473
difficile,474
capo,475
istituzione,476
dimostrare,477
cura,478
nessun,479
natura,480
noto,481
potere,482
università,483
Europa,484
rischio,485
limite,486
qualsiasi,487
azienda,488
dichiarare,489
né,490
immagine,491
acqua,492
eventuale,493
autore,494
subito,495
fase,496
conoscenza,497
ottobre,498
storico,499
infine,500
oppure,501
apparire,502
contenuto,503
approvare,504
spesa,505
vecchio,506
applicazione,507
soltanto,508
ulteriore,509
attuale,510
competenza,511
sei,512
vario,513
rivolgere,514
utile,515
evitare,516
amico,517
medio,518
luce,519
esigenza,520
figlio,521
comunità,522
necessità,523
affermare,524
chiaro,525
messaggio,526
voce,527
gioco,528
settimana,529
giusto,530
diretto,531
prova,532
produzione,533
finanziario,534
febbraio,535
modello,536
costo,537
bisognare,538
capacità,539
massimo,540
riportare,541
professionale,542
procedura,543
soluzione,544
fondamentale,545
carattere,546
novembre,547
valutazione,548
provare,549
costruire,550
occhio,551
breve,552
impegno,553
singolo,554
destinare,555
collaborazione,556
speciale,557
appena,558
adottare,559
affrontare,560
ridurre,561
concludere,562
determinare,563
terra,564
mancare,565
riferire,566
operare,567
provincia,568
interno,569
applicare,570
provvedimento,571
scopo,572
contributo,573
individuare,574
repubblica,575
disponibile,576
sì,577
grave,578
pari,579
genere,580
corpo,581
verificare,582
lei,583
superare,584
partecipazione,585
intervenire,586
qualcuno,587
basso,588
assicurare,589
ufficiale,590
percorso,591
promuovere,592
direttamente,593
notizia,594
certo,595
numeroso,596
direzione,597
sezione,598
vicino,599
tu,600
ragazzo,601
valere,602
ex,603
ovvero,604
impegnare,605
raccogliere,606
derivare,607
agosto,608
modificare,609
favore,610
contratto,611
amministrativo,612
davvero,613
futuro,614
occupare,615
realizzazione,616
sottolineare,617
pure,618
mantenere,619
morire,620
libertà,621
giovane,622
responsabilità,623
bene,624
decisione,625
resto,626
aiutare,627
fermare,628
confermare,629
camera,630
sperare,631
operazione,632
personale,633
categoria,634
coinvolgere,635
registrare,636
scoprire,637
autorità,638
morte,639
regola,640
te,641
unità,642
sopra,643
giovane,644
discussione,645
chiudere,646
osservare,647
argomento,648
ecco,649
evento,650
movimento,651
amore,652
prezzo,653
legislativo,654
scientifico,655
naturale,656
quadro,657
età,658
limitare,659
direttore,660
comporre,661
caratteristica,662
passo,663
merito,664
analisi,665
esercizio,666
unione,667
sole,668
criterio,669
carta,670
giornata,671
cuore,672
medesimo,673
condurre,674
occorrere,675
conseguenza,676
cinque,677
accesso,678
gente,679
aspettare,680
film,681
significare,682
centrale,683
economia,684
ieri,685
compito,686
reale,687
mostrare,688
recente,689
difficoltà,690
regolamento,691
membro,692
vostro,693
piacere,694
interessare,695
ampio,696
comportare,697
niente,698
pagare,699
giungere,700
indirizzo,701
piuttosto,702
raccontare,703
parere,704
costituzione,705
parere,706
adesso,707
accettare,708
coloro,709
procedere,710
considerazione,711
anzi,712
stampa,713
dichiarazione,714
sviluppare,715
positivo,716
amare,717
differenza,718
lavoratore,719
incontrare,720
americano,721
avanti,722
successo,723
disciplina,724
difesa,725
quota,726
modifica,727
pace,728
musica,729
simile,730
bilancio,731
giudizio,732
utente,733
pertanto,734
padre,735
finale,736
mediante,737
origine,738
lontano,739
guida,740
comunicare,741
compiere,742
dimensione,743
voto,744
aumentare,745
mondiale,746
valutare,747
fisico,748
presentazione,749
aperto,750
indicazione,751
secolo,752
minore,753
sostituire,754
chiesa,755
formare,756
crescere,757
antico,758
fonte,759
primo,760
vincere,761
integrazione,762
classe,763
maniera,764
caro,765
lingua,766
facile,767
pratica,768
riguardo,769
arte,770
gestire,771
legare,772
danno,773
attuazione,774
interessante,775
comunale,776
obbligo,777
attivo,778
rappresentante,779
responsabile,780
viaggio,781
introdurre,782
comitato,783
ammettere,784
continuo,785
pronto,786
favorire,787
giocare,788
unito,789
salute,790
magari,791
pubblico,792
riforma,793
accompagnare,794
risolvere,795
notte,796
sicuramente,797
tramite,798
nonostante,799
definizione,800
popolazione,801
colpire,802
popolo,803
succedere,804
mare,805
sera,806
condividere,807
minuto,808
pensiero,809
invitare,810
aiuto,811
affidare,812
provenire,813
accadere,814
carico,815
tecnologia,816
fissare,817
costruzione,818
muovere,819
manifestazione,820
metà,821
inferiore,822
proprio,823
commento,824
partito,825
passato,826
istruzione,827
figura,828
straordinario,829
dimenticare,830
scolastico,831
operativo,832
professore,833
senza,834
sé,835
basare,836
testa,837
complessivo,838
preparare,839
studente,840
provvedere,841
principio,842
trasformare,843
componente,844
nota,845
ovviamente,846
maggioranza,847
opportunità,848
fenomeno,849
proseguire,850
completo,851
ipotesi,852
giro,853
veramente,854
re,855
provinciale,856
avviare,857
là,858
codice,859
utilizzo,860
offerta,861
passaggio,862
nero,863
colore,864
personaggio,865
campagna,866
attribuire,867
dieci,868
ricco,869
conclusione,870
riprendere,871
protagonista,872
diffondere,873
proposito,874
sostegno,875
significativo,876
escludere,877
giustizia,878
commerciale,879
trasmettere,880
segnalare,881
conferenza,882
imporre,883
appartenere,884
metodo,885
presto,886
pubblicazione,887
ambientale,888
adeguato,889
correre,890
caratterizzare,891
sottoporre,892
collegare,893
costringere,894
trattamento,895
accogliere,896
emergere,897
iscrivere,898
entrata,899
esterno,900
purtroppo,901
bianco,902
minimo,903
scienza,904
assoluto,905
concreto,906
verità,907
probabilmente,908
durata,909
insomma,910
importanza,911
dirigente,912
attesa,913
apposito,914
dubbio,915
moderno,916
lì,917
profondo,918
segno,919
attualmente,920
contesto,921
porta,922
poiché,923
rilevare,924
evidente,925
crescita,926
normale,927
competente,928
materiale,929
impianto,930
assistenza,931
ecc.,932
ritrovare,933
capace,934
egli,935
contribuire,936
male,937
ascoltare,938
contatto,939
organo,940
trasporto,941
comportamento,942
militare,943
particolarmente,944
preciso,945
notare,946
domenica,947
lettura,948
opinione,949
ciao,950
operatore,951
divenire,952
disegno,953
esporre,954
lato,955
crisi,956
interessato,957
assolutamente,958
tradizione,959
sinistra,960
controllare,961
che,962
che,963
anche,964
ci,965
come,966
dove,967
come,968
quando,969
però,970
fino a,971
ne,972
ci,973
nulla,974
prima di,975
rispetto a,976
come,977
anche se,978
gli,979
uno,980
maggiore,981
comunque,982
li,983
sennò,984
a,985
la,986
le,987
in particolare,988
azionista,989
Stati Uniti,990
quindi,991
rendiconto,992
che,993
allora,994
grazie a,995
liquidità,996
New York,997
più,998
quanto,999
anzi,1000
nei confronti di,1001
oltre a,1002
per esempio,1003
serbo,1004
stesso,1005
nel corso di,1006
pigliare,1007
diverso,1008
in quanto,1009
Serbo,1010
Bosnia,1011
comunque,1012
quando,1013
memoria,1014
opportuno,1015
descrivere,1016
mandare,1017
parlamento,1018
sanitario,1019
capitale,1020
territoriale,1021
macchina,1022
corte,1023
migliorare,1024
profilo,1025
Dio,1026
ripetere,1027
scena,1028
edizione,1029
aumento,1030
addirittura,1031
facoltà,1032
complesso,1033
cadere,1034
tentare,1035
protezione,1036
piede,1037
esercitare,1038
nord,1039
visita,1040
versione,1041
guidare,1042
totale,1043
distanza,1044
vigore,1045
commercio,1046
errore,1047
lotta,1048
avanzare,1049
banca,1050
preferire,1051
foto,1052
paura,1053
energia,1054
citare,1055
studiare,1056
evidenziare,1057
spirito,1058
volontà,1059
esperto,1060
discorso,1061
vicenda,1062
espressione,1063
finalmente,1064
polizia,1065
indagine,1066
eseguire,1067
Internet,1068
assistere,1069
salvare,1070
rispettare,1071
lanciare,1072
definitivo,1073
rivelare,1074
sabato,1075
nemmeno,1076
assegnare,1077
tradizionale,1078
riservare,1079
aria,1080
duro,1081
Torino,1082
contare,1083
toccare,1084
ricorso,1085
metro,1086
convincere,1087
produttivo,1088
concernere,1089
riduzione,1090
malattia,1091
giuridico,1092
sud,1093
media,1094
completamente,1095
sostanza,1096
determinato,1097
web,1098
impedire,1099
mancanza,1100
concorso,1101
industriale,1102
autonomo,1103
apertura,1104
voi,1105
tendere,1106
semplicemente,1107
dopo,1108
concetto,1109
inglese,1110
efficace,1111
famoso,1112
appunto,1113
sindaco,1114
esso,1115
palazzo,1116
salire,1117
acquistare,1118
previsione,1119
istituzionale,1120
arma,1121
curare,1122
dibattito,1123
assenza,1124
riconoscimento,1125
alcuno,1126
certamente,1127
mente,1128
"ciascun, ciascuno",1129
sufficiente,1130
finanziamento,1131
medico,1132
ritorno,1133
prestazione,1134
tecnica,1135
unire,1136
vendere,1137
verifica,1138
informare,1139
annunciare,1140
prospettiva,1141
garanzia,1142
grosso,1143
funzionare,1144
regime,1145
vendita,1146
rischiare,1147
segnare,1148
togliere,1149
abbastanza,1150
negativo,1151
mezzo,1152
qualora,1153
rientrare,1154
naturalmente,1155
disponibilità,1156
ordinario,1157
esistenza,1158
specie,1159
speranza,1160
essenziale,1161
istituire,1162
provocare,1163
piazza,1164
proprietà,1165
giudice,1166
possedere,1167
riflessione,1168
agenzia,1169
volume,1170
affare,1171
compreso,1172
autonomia,1173
esclusivamente,1174
santo,1175
gara,1176
vivo,1177
fuoco,1178
scendere,1179
ingresso,1180
elenco,1181
destra,1182
pagamento,1183
lista,1184
straniero,1185
precisare,1186
spettacolo,1187
visione,1188
immediato,1189
Bologna,1190
premio,1191
dirigere,1192
girare,1193
corrispondere,1194
elevato,1195
subire,1196
ospitare,1197
legato,1198
dietro,1199
approvazione,1200
successivamente,1201
stagione,1202
uccidere,1203
Firenze,1204
valido,1205
estendere,1206
comunitario,1207
attendere,1208
religioso,1209
requisito,1210
estremo,1211
dottore,1212
secondo,1213
squadra,1214
organismo,1215
madre,1216
acquisto,1217
promozione,1218
cambiamento,1219
conservare,1220
autorizzare,1221
epoca,1222
strategia,1223
materiale,1224
lungo,1225
popolare,1226
teatro,1227
supporto,1228
uscita,1229
agire,1230
programmazione,1231
genitore,1232
elettronico,1233
originale,1234
vantaggio,1235
patrimonio,1236
documentazione,1237
davanti,1238
Francia,1239
male,1240
nascondere,1241
tentativo,1242
effettivo,1243
miliardo,1244
coordinamento,1245
italiano,1246
raccolta,1247
elezione,1248
laboratorio,1249
conseguire,1250
cosiddetto,1251
classico,1252
pezzo,1253
massimo,1254
legale,1255
individuale,1256
collettivo,1257
identità,1258
notevole,1259
creazione,1260
pena,1261
conflitto,1262
giornale,1263
imparare,1264
difendere,1265
stile,1266
nuovo,1267
intorno,1268
spingere,1269
sogno,1270
francese,1271
colpo,1272
segretario,1273
investimento,1274
aggiornamento,1275
vittima,1276
svolgimento,1277
convenzione,1278
procedimento,1279
favorevole,1280
tipico,1281
sicuro,1282
distribuzione,1283
manifestare,1284
nazione,1285
Napoli,1286
acquisire,1287
esecuzione,1288
altrimenti,1289
immediatamente,1290
fratello,1291
coprire,1292
industria,1293
futuro,1294
rosso,1295
attivare,1296
qualunque,1297
immaginare,1298
richiamare,1299
cattivo,1300
diffusione,1301
prestare,1302
assemblea,1303
dividere,1304
novità,1305
venerdì,1306
votare,1307
abbandonare,1308
insieme,1309
rilasciare,1310
trarre,1311
normativo,1312
peso,1313
mangiare,1314
riunione,1315
presidenza,1316
dipartimento,1317
autorizzazione,1318
intesa,1319
tecnologico,1320
attacco,1321
serio,1322
povero,1323
permanente,1324
fondare,1325
osservazione,1326
intanto,1327
vigente,1328
docente,1329
discutere,1330
neanche,1331
perciò,1332
organizzativo,1333
dentro,1334
desiderare,1335
riunire,1336
didattico,1337
ministero,1338
correggere,1339
mattina,1340
avviso,1341
trasferire,1342
copia,1343
sportivo,1344
animale,1345
impiego,1346
generale,1347
quotidiano,1348
dipendere,1349
dipendente,1350
eliminare,1351
interpretare,1352
contrario,1353
possesso,1354
ciascuno,1355
pericolo,1356
ragazza,1357
costituzionale,1358
signore,1359
significato,1360
pericoloso,1361
artistico,1362
sentenza,1363
associare,1364
quantità,1365
avvicinare,1366
cinema,1367
terreno,1368
firmare,1369
dotare,1370
iscrizione,1371
collega,1372
puntare,1373
inutile,1374
soldo,1375
insegnare,1376
tirare,1377
chiave,1378
anima,1379
informativo,1380
festa,1381
computer,1382
recupero,1383
domani,1384
credito,1385
illustrare,1386
attuare,1387
fattore,1388
frutto,1389
scambio,1390
fede,1391
rilevante,1392
seduta,1393
opposizione,1394
finanza,1395
conseguente,1396
coscienza,1397
appello,1398
evoluzione,1399
musicale,1400
tratto,1401
informatico,1402
giornalista,1403
arrivo,1404
cielo,1405
estate,1406
annuale,1407
ognuno,1408
strano,1409
giunta,1410
consigliare,1411
esaminare,1412
rivista,1413
interpretazione,1414
trasferimento,1415
violenza,1416
statale,1417
includere,1418
determinazione,1419
enorme,1420
impossibile,1421
America,1422
somma,1423
critica,1424
Venezia,1425
educazione,1426
democratico,1427
riflettere,1428
linguaggio,1429
responsabile,1430
sbagliare,1431
auto,1432
contrario,1433
estero,1434
artista,1435
problematico,1436
nascita,1437
isola,1438
occupazione,1439
concerto,1440
introduzione,1441
universitario,1442
firma,1443
mostra,1444
comprare,1445
partita,1446
rifiuto,1447
indispensabile,1448
ricorrere,1449
tedesco,1450
battaglia,1451
giudicare,1452
familiare,1453
integrare,1454
lunedì,1455
compagnia,1456
dettaglio,1457
godere,1458
democrazia,1459
innovazione,1460
critico,1461
meccanismo,1462
affinché,1463
dialogo,1464
solidarietà,1465
terzo,1466
massa,1467
generazione,1468
combattere,1469
convegno,1470
tribunale,1471
assessore,1472
migliaio,1473
trasformazione,1474
gratuito,1475
costante,1476
appuntamento,1477
completare,1478
attento,1479
passione,1480
soddisfare,1481
investire,1482
spettare,1483
denunciare,1484
rilievo,1485
fortuna,1486
terminare,1487
consumo,1488
ringraziare,1489
distribuire,1490
battere,1491
chiunque,1492
orario,1493
capitolo,1494
romano,1495
trasmissione,1496
davanti,1497
partenza,1498
urbano,1499
ordinamento,1500
collegamento,1501
ritornare,1502
collocare,1503
esito,1504
distinguere,1505
attore,1506
assai,1507
solito,1508
fiscale,1509
insegnante,1510
differente,1511
sangue,1512
elaborare,1513
tecnico,1514
consistere,1515
essere,1516
accedere,1517
neppure,1518
direttiva,1519
desiderio,1520
perfetto,1521
lezione,1522
efficacia,1523
nominare,1524
parco,1525
avvertire,1526
funzionamento,1527
cliente,1528
vasto,1529
Germania,1530
schema,1531
cogliere,1532
verde,1533
analogo,1534
giustificare,1535
complesso,1536
orientamento,1537
missione,1538
fiducia,1539
intenzione,1540
scadenza,1541
posta,1542
logica,1543
elettorale,1544
doppio,1545
identificare,1546
contemporaneo,1547
leggero,1548
integrato,1549
preoccupare,1550
idoneo,1551
chiuso,1552
obbligatorio,1553
modificazione,1554
sforzo,1555
eccezione,1556
onda,1557
titolare,1558
predisporre,1559
scala,1560
felice,1561
motivazione,1562
agricolo,1563
lettore,1564
recuperare,1565
moglie,1566
silenzio,1567
intervista,1568
sfida,1569
fascia,1570
sorgere,1571
atteggiamento,1572
bravo,1573
forum,1574
confine,1575
insegnamento,1576
accanto,1577
adozione,1578
eppure,1579
indice,1580
copertura,1581
fermo,1582
piacere,1583
penale,1584
puro,1585
sette,1586
edificio,1587
entrambi,1588
ospedale,1589
stretto,1590
consegnare,1591
caldo,1592
teoria,1593
analizzare,1594
scheda,1595
sindacale,1596
giovedì,1597
leader,1598
iniziale,1599
episodio,1600
sotto,1601
spostare,1602
prevenzione,1603
carica,1604
faccia,1605
perdita,1606
preparazione,1607
incarico,1608
quarto,1609
rapido,1610
pomeriggio,1611
consumatore,1612
connesso,1613
pesante,1614
tel.,1615
morale,1616
pratico,1617
uguale,1618
facilmente,1619
sanità,1620
accertare,1621
negare,1622
impiegare,1623
canale,1624
concessione,1625
muro,1626
ciclo,1627
software,1628
suddetto,1629
ordinare,1630
dolore,1631
rifiutare,1632
visitare,1633
spalla,1634
commentare,1635
freddo,1636
compagno,1637
elettrico,1638
suggerire,1639
liberare,1640
globale,1641
totale,1642
tendenza,1643
velocità,1644
serata,1645
chiarire,1646
colpa,1647
racconto,1648
impatto,1649
frequentare,1650
costare,1651
equilibrio,1652
meritare,1653
miglioramento,1654
relativamente,1655
concordare,1656
parlamentare,1657
traffico,1658
vittoria,1659
distruggere,1660
giudiziario,1661
centinaio,1662
violazione,1663
indietro,1664
capitare,1665
motore,1666
socio,1667
voglia,1668
ispirare,1669
femminile,1670
scusare,1671
rispettivo,1672
eventualmente,1673
occidentale,1674
finanziare,1675
monte,1676
sguardo,1677
consenso,1678
senato,1679
museo,1680
formulare,1681
volto,1682
calcio,1683
assunzione,1684
entrambi,1685
fila,1686
bloccare,1687
sedere,1688
sindacato,1689
generare,1690
link,1691
effettivamente,1692
alzare,1693
inserimento,1694
lavorativo,1695
fax,1696
statuto,1697
abitante,1698
tesi,1699
apprezzare,1700
rinnovare,1701
aziendale,1702
cristiano,1703
attraversare,1704
candidato,1705
sicuro,1706
scarso,1707
deputato,1708
carriera,1709
rispettivamente,1710
beneficio,1711
funzionale,1712
tradurre,1713
riserva,1714
importo,1715
traccia,1716
coordinare,1717
coppia,1718
reddito,1719
durare,1720
chiusura,1721
televisivo,1722
mille,1723
martedì,1724
fondazione,1725
finora,1726
presa,1727
campione,1728
ritardo,1729
invito,1730
sentimento,1731
filosofia,1732
frase,1733
avvocato,1734
sospendere,1735
concentrare,1736
alternativo,1737
mercoledì,1738
emergenza,1739
religione,1740
strategico,1741
rappresentanza,1742
contrasto,1743
testimonianza,1744
selezione,1745
parziale,1746
risalire,1747
aggiornare,1748
sottoscrivere,1749
cooperazione,1750
stazione,1751
potenza,1752
primario,1753
rinunciare,1754
regolare,1755
superficie,1756
collaborare,1757
emanare,1758
dolce,1759
sala,1760
pervenire,1761
comando,1762
approccio,1763
imposta,1764
decina,1765
segnale,1766
descrizione,1767
innovativo,1768
causare,1769
elementare,1770
pressione,1771
prezioso,1772
ricordo,1773
disco,1774
intenso,1775
elaborazione,1776
individuo,1777
cifra,1778
approfondimento,1779
telefono,1780
scaricare,1781
largo,1782
affermazione,1783
cambio,1784
chiaramente,1785
biblioteca,1786
vino,1787
circostanza,1788
stipulare,1789
vacanza,1790
agente,1791
mirare,1792
confrontare,1793
percentuale,1794
redazione,1795
approfondire,1796
veloce,1797
attaccare,1798
debole,1799
ricercatore,1800
suonare,1801
armato,1802
praticamente,1803
maestro,1804
variazione,1805
medicina,1806
archivio,1807
ripresa,1808
indurre,1809
versare,1810
proteggere,1811
soffrire,1812
allegato,1813
professionista,1814
altrettanto,1815
paio,1816
aderire,1817
esclusione,1818
incidente,1819
importare,1820
Genova,1821
individuazione,1822
alternativa,1823
simbolo,1824
località,1825
risoluzione,1826
braccio,1827
temere,1828
sanzione,1829
laurea,1830
turistico,1831
sport,1832
legislazione,1833
video,1834
canzone,1835
fortemente,1836
specializzato,1837
patto,1838
porto,1839
tasso,1840
bocca,1841
reazione,1842
otto,1843
vietare,1844
tabella,1845
concedere,1846
stella,1847
oro,1848
incidere,1849
esistente,1850
sfruttare,1851
gusto,1852
aula,1853
esposizione,1854
istanza,1855
montagna,1856
esattamente,1857
letteratura,1858
conquistare,1859
sintesi,1860
dettare,1861
composizione,1862
persino,1863
amministratore,1864
potente,1865
regista,1866
clima,1867
modulo,1868
corrispondente,1869
accertamento,1870
conferire,1871
tagliare,1872
tavolo,1873
pubblicità,1874
nomina,1875
ombra,1876
cancellare,1877
indipendente,1878
rafforzare,1879
acquisizione,1880
quartiere,1881
stanza,1882
preventivo,1883
avvio,1884
nucleo,1885
reato,1886
bellezza,1887
filo,1888
bando,1889
parametro,1890
interessato,1891
ritirare,1892
decennio,1893
alimentare,1894
vertice,1895
canto,1896
spendere,1897
agricoltura,1898
protocollo,1899
borsa,1900
trenta,1901
delicato,1902
volgere,1903
calcolare,1904
turismo,1905
professione,1906
educativo,1907
estremamente,1908
fiume,1909
perseguire,1910
coraggio,1911
arco,1912
corsa,1913
infrastruttura,1914
figlia,1915
scoperta,1916
recentemente,1917
progettazione,1918
emettere,1919
guardia,1920
affatto,1921
relatore,1922
dentro,1923
accusa,1924
editore,1925
cattolico,1926
trascorrere,1927
messa,1928
ideale,1929
sollevare,1930
cassa,1931
emozione,1932
scontro,1933
formale,1934
condannare,1935
tensione,1936
tranquillo,1937
produttore,1938
privare,1939
consapevole,1940
medico,1941
finestra,1942
brutto,1943
predetto,1944
eleggere,1945
percepire,1946
poesia,1947
sensazione,1948
secondario,1949
comparire,1950
personalità,1951
frequenza,1952
esclusivo,1953
urgente,1954
ridere,1955
Usa,1956
pronunciare,1957
personalmente,1958
suono,1959
ritmo,1960
rimettere,1961
certezza,1962
promettere,1963
televisione,1964
saltare,1965
consapevolezza,1966
preoccupazione,1967
cantare,1968
umanità,1969
carne,1970
km,1971
esercito,1972
pelle,1973
delibera,1974
concorrere,1975
ossia,1976
atmosfera,1977
allegare,1978
tavola,1979
negozio,1980
vabbè,1981
pollo,1982
perché,1983
svalutazione,1984
come se,1985
ribasso,1986
sigaro,1987
croato,1988
in base a,1989
intorno a,1990
basta,1991
listino,1992
rialzo,1993
pure,1994
tuttavia,1995
a causa di,1996
attorno a,1997
bene,1998
in grado di,1999
insieme a,2000
oggi,2001
piastrella,2002
su,2003
profugo,2004
ricavo,2005
vicino a,2006
Zaire,2007
babbo,2008
fata,2009
pentito,2010
per quanto riguarda,2011
poco,2012
azionario,2013
dividendo,2014
insomma,2015
all'interno di,2016
fuori da,2017
investitore,2018
ne,2019
barzelletta,2020
Pechino,2021
piccino,2022
quale,2023
quotazione,2024
Zagabria,2025
eppure,2026
oddio,2027
voi,2028
flessione,2029
fragola,2030
Gran Bretagna,2031
maiale,2032
Bruxelles,2033
industriale,2034
interrogatorio,2035
nel frattempo,2036
pignoramento,2037
Ruanda,2038
separatamente,2039
al di là di,2040
armare,2041
casco,2042
che,2043
Croazia,2044
maratona,2045
raggruppamento,2046
specializzare,2047
svedese,2048
bagnino,2049
bandito,2050
innanzitutto,2051
minimo,2052
strutturale,2053
decisamente,2054
disagio,2055
indirizzare,2056
splendido,2057
privo,2058
consultazione,2059
orientare,2060
maggiormente,2061
fianco,2062
radice,2063
programmare,2064
dollaro,2065
allontanare,2066
guadagnare,2067
registro,2068
scrittura,2069
netto,2070
sposare,2071
adesione,2072
denaro,2073
pensione,2074
gesto,2075
raro,2076
valorizzare,2077
vincolo,2078
vento,2079
troppo,2080
sorpresa,2081
adulto,2082
specificare,2083
segreteria,2084
ignorare,2085
calcolo,2086
abitare,2087
originario,2088
Toscana,2089
legame,2090
conferma,2091
redigere,2092
volo,2093
altezza,2094
uno,2095
Spagna,2096
tesoro,2097
revisione,2098
mamma,2099
pregare,2100
percorrere,2101
fatica,2102
civiltà,2103
registrazione,2104
angolo,2105
formula,2106
appartenenza,2107
destinazione,2108
tardi,2109
scrittore,2110
assieme,2111
regolare,2112
respingere,2113
Parigi,2114
fotografia,2115
precedere,2116
corretto,2117
rompere,2118
separare,2119
progettare,2120
polemica,2121
concorrenza,2122
perfettamente,2123
dignità,2124
temporaneo,2125
priorità,2126
maturare,2127
onore,2128
indicato,2129
segreto,2130
salutare,2131
delegare,2132
premessa,2133
papa,2134
destino,2135
rinviare,2136
pietra,2137
unitario,2138
restituire,2139
mobile,2140
chimico,2141
cd,2142
cibo,2143
digitale,2144
scomparire,2145
opporre,2146
amico,2147
supportare,2148
nemico,2149
locale,2150
bere,2151
taglio,2152
situare,2153
consultare,2154
Sicilia,2155
blocco,2156
commettere,2157
apportare,2158
consulenza,2159
cavallo,2160
scenario,2161
FALSO,2162
solamente,2163
cedere,2164
qua,2165
aggiuntivo,2166
divieto,2167
dopo,2168
praticare,2169
sostanziale,2170
avventura,2171
ministeriale,2172
gioia,2173
imprenditore,2174
moda,2175
online,2176
necessariamente,2177
pesce,2178
pianeta,2179
intraprendere,2180
giocatore,2181
accusare,2182
visibile,2183
evidenza,2184
divisione,2185
fresco,2186
resistenza,2187
condanna,2188
terrorismo,2189
sesso,2190
continuità,2191
contemporaneamente,2192
mobilità,2193
flusso,2194
soggetto,2195
congresso,2196
test,2197
olio,2198
dormire,2199
infanzia,2200
ricchezza,2201
portata,2202
denominare,2203
biologico,2204
adattare,2205
smettere,2206
buttare,2207
giardino,2208
cliccare,2209
eccezionale,2210
sostanzialmente,2211
attestare,2212
valorizzazione,2213
adatto,2214
dipendente,2215
diminuire,2216
soggiorno,2217
tono,2218
soddisfazione,2219
interrompere,2220
Londra,2221
alimentare,2222
permesso,2223
cammino,2224
Lombardia,2225
gettare,2226
evidentemente,2227
passato,2228
sospensione,2229
albero,2230
convenire,2231
protesta,2232
collegio,2233
disciplinare,2234
moto,2235
eccessivo,2236
nuovamente,2237
grafico,2238
totalmente,2239
obbligare,2240
divertire,2241
legittimo,2242
regalare,2243
partecipante,2244
sfuggire,2245
efficienza,2246
romanzo,2247
cucina,2248
monitoraggio,2249
cane,2250
Africa,2251
drammatico,2252
circondare,2253
circolazione,2254
suscitare,2255
conservazione,2256
disciplinare,2257
funzionario,2258
violento,2259
chilometro,2260
insistere,2261
celebrare,2262
fiore,2263
tv,2264
progresso,2265
intento,2266
solito,2267
traduzione,2268
adeguare,2269
organico,2270
brano,2271
allegato,2272
assegnazione,2273
viaggiare,2274
senatore,2275
vuoto,2276
ulteriormente,2277
estensione,2278
anticipare,2279
attorno,2280
letto,2281
ottimo,2282
andamento,2283
selezionare,2284
autentico,2285
contro,2286
contattare,2287
dominare,2288
tematica,2289
contrattuale,2290
collaboratore,2291
convocare,2292
paziente,2293
turno,2294
telefonico,2295
articolare,2296
tassa,2297
gas,2298
vigilanza,2299
talvolta,2300
opzione,2301
sperimentare,2302
virtù,2303
universale,2304
finale,2305
commissario,2306
stimolare,2307
sensibile,2308
corrente,2309
molto,2310
residenza,2311
sperimentale,2312
bordo,2313
crescente,2314
ricostruzione,2315
ripartire,2316
ponte,2317
adempimento,2318
difetto,2319
rilascio,2320
pienamente,2321
legno,2322
Palermo,2323
standard,2324
sano,2325
emendamento,2326
diffuso,2327
calendario,2328
corrente,2329
entità,2330
federazione,2331
soldato,2332
riscontrare,2333
allargare,2334
certificazione,2335
chissà,2336
minaccia,2337
esterno,2338
anziano,2339
mandato,2340
facilitare,2341
coerente,2342
straniero,2343
letterario,2344
incredibile,2345
radicale,2346
trattato,2347
psicologico,2348
privato,2349
bensì,2350
mentale,2351
inerente,2352
piangere,2353
augurare,2354
consistente,2355
testimoniare,2356
proprietario,2357
universo,2358
presupposto,2359
colonna,2360
pretendere,2361
campionato,2362
stradale,2363
Lazio,2364
denuncia,2365
sottrarre,2366
risparmio,2367
impressione,2368
formato,2369
appoggiare,2370
bar,2371
governare,2372
cittadinanza,2373
opposto,2374
rassegna,2375
circolare,2376
polo,2377
convinzione,2378
ristorante,2379
contrastare,2380
ulivo,2381
verso,2382
chiarezza,2383
strettamente,2384
stabile,2385
frequente,2386
villaggio,2387
conformità,2388
carabiniere,2389
architettura,2390
automatico,2391
mistero,2392
ricostruire,2393
giovanile,2394
progressivo,2395
zero,2396
rilevanza,2397
abitazione,2398
specialmente,2399
specie,2400
decisivo,2401
giù,2402
estivo,2403
Veneto,2404
connessione,2405
incaricare,2406
arrestare,2407
fondamento,2408
interamente,2409
marito,2410
rivedere,2411
caccia,2412
radio,2413
apprendere,2414
debito,2415
cessare,2416
misurare,2417
infinito,2418
definitivamente,2419
sofferenza,2420
pianta,2421
precedenza,2422
matrimonio,2423
manutenzione,2424
salvo,2425
rivoluzione,2426
etico,2427
consegna,2428
tappa,2429
iscritto,2430
sollecitare,2431
pc,2432
ricoprire,2433
sostituzione,2434
urgenza,2435
rappresentazione,2436
distinto,2437
affiancare,2438
comunista,2439
preliminare,2440
singolo,2441
benissimo,2442
albergo,2443
arricchire,2444
ostacolo,2445
inventare,2446
stima,2447
mattino,2448
Padova,2449
disegnare,2450
principalmente,2451
carcere,2452
quotidiano,2453
donare,2454
minacciare,2455
elencare,2456
amicizia,2457
punta,2458
camminare,2459
assicurazione,2460
riga,2461
consumare,2462
accoglienza,2463
catena,2464
paesaggio,2465
schermo,2466
figurare,2467
consorzio,2468
aspettativa,2469
sensibilità,2470
margine,2471
sognare,2472
treno,2473
veicolo,2474
protetto,2475
spiegazione,2476
temporale,2477
domandare,2478
coinvolgimento,2479
quindici,2480
partner,2481
classifica,2482
richiamo,2483
riservato,2484
banda,2485
validità,2486
virtuale,2487
comunicato,2488
lamentare,2489
frontiera,2490
profondamente,2491
attrezzatura,2492
presiedere,2493
spirituale,2494
tessuto,2495
dietro,2496
circolo,2497
fantasia,2498
gamba,2499
lega,2500
ottica,2501
deposito,2502
fuga,2503
caduta,2504
qualifica,2505
sottosegretario,2506
rinvio,2507
installare,2508
esatto,2509
sopra,2510
quinto,2511
signora,2512
piatto,2513
citazione,2514
impostazione,2515
annuo,2516
mito,2517
curiosità,2518
compatibile,2519
addetto,2520
dodici,2521
sacro,2522
primavera,2523
perfino,2524
presunto,2525
comprensione,2526
alto,2527
biglietto,2528
espressamente,2529
inchiesta,2530
ascolto,2531
improvviso,2532
terribile,2533
tariffa,2534
capello,2535
sebbene,2536
divertente,2537
coda,2538
bancario,2539
triste,2540
influenza,2541
abituare,2542
avversario,2543
intelligente,2544
alunno,2545
esecutivo,2546
delega,2547
metodologia,2548
correlare,2549
orario,2550
volare,2551
governativo,2552
Sardegna,2553
votazione,2554
agevolare,2555
poco,2556
sinistro,2557
delineare,2558
spagnolo,2559
vice,2560
bagno,2561
temperatura,2562
sessanta,2563
magistrato,2564
disabile,2565
reciproco,2566
mensile,2567
creativo,2568
realmente,2569
geografico,2570
orientale,2571
teorico,2572
ammissione,2573
fuggire,2574
costa,2575
cena,2576
pista,2577
sorridere,2578
ordinanza,2579
trasparenza,2580
configurare,2581
luna,2582
cronaca,2583
terapia,2584
cinematografico,2585
immigrazione,2586
blu,2587
violare,2588
utilità,2589
prevalentemente,2590
connettere,2591
nodo,2592
emissione,2593
certificato,2594
costume,2595
stadio,2596
regolarmente,2597
diversamente,2598
lento,2599
concepire,2600
apprendimento,2601
sessuale,2602
depositare,2603
finché,2604
sonoro,2605
dinamico,2606
intitolare,2607
prescrivere,2608
solido,2609
civico,2610
esplicito,2611
segreto,2612
battuta,2613
ultimo,2614
ricercare,2615
Cina,2616
benessere,2617
era,2618
resistere,2619
probabile,2620
regia,2621
conforme,2622
prescrizione,2623
aereo,2624
destinatario,2625
riprodurre,2626
implicare,2627
cervello,2628
articolato,2629
niente,2630
promessa,2631
scattare,2632
sorella,2633
animare,2634
merce,2635
nave,2636
invio,2637
intorno,2638
designare,2639
animo,2640
complessivamente,2641
volontario,2642
santa,2643
panorama,2644
attentato,2645
timore,2646
scambiare,2647
foglio,2648
ennesimo,2649
intelligenza,2650
okay,2651
stabilità,2652
album,2653
sottile,2654
farmaco,2655
arresto,2656
complessità,2657
volontariato,2658
attimo,2659
coerenza,2660
rapidamente,2661
direttivo,2662
fame,2663
generalmente,2664
teatrale,2665
accademico,2666
licenza,2667
colui,2668
sospetto,2669
presente,2670
annullare,2671
odierno,2672
rinnovo,2673
concezione,2674
rappresentativo,2675
rumore,2676
spiaggia,2677
volontario,2678
stringere,2679
suolo,2680
vicino,2681
allarme,2682
poeta,2683
soglia,2684
scritto,2685
conversione,2686
pioggia,2687
identico,2688
ampliare,2689
cinquanta,2690
udire,2691
referendum,2692
inquinamento,2693
carenza,2694
scadere,2695
oriente,2696
normalmente,2697
sparare,2698
corrispondenza,2699
qualificato,2700
convertire,2701
allievo,2702
prevalere,2703
salvaguardia,2704
nove,2705
consolidare,2706
inglese,2707
compilare,2708
revocare,2709
ditta,2710
trasportare,2711
mantenimento,2712
rimuovere,2713
raggiungimento,2714
fantastico,2715
Piemonte,2716
graduatoria,2717
sciogliere,2718
influenzare,2719
intellettuale,2720
saluto,2721
pane,2722
purché,2723
ovvio,2724
dito,2725
coincidere,2726
soccorso,2727
bandiera,2728
risparmiare,2729
verde,2730
diversità,2731
immigrato,2732
recitare,2733
distinzione,2734
abitudine,2735
parità,2736
fedele,2737
provvisorio,2738
pubblicitario,2739
installazione,2740
tragedia,2741
reggere,2742
indipendentemente,2743
fornitura,2744
efficiente,2745
dotazione,2746
assurdo,2747
ristrutturazione,2748
variare,2749
necessitare,2750
Parma,2751
limitazione,2752
gridare,2753
magico,2754
mio,2755
Calabria,2756
anziché,2757
minoranza,2758
distruzione,2759
linguistico,2760
occidente,2761
spettatore,2762
celebre,2763
azzurro,2764
tranne,2765
dispositivo,2766
colloquio,2767
scorrere,2768
contestare,2769
mutare,2770
Inghilterra,2771
quarto,2772
stabilito,2773
quesito,2774
ferro,2775
sussistere,2776
mail,2777
immenso,2778
cooperativa,2779
saggio,2780
povertà,2781
oggettivo,2782
stanco,2783
candidare,2784
coordinatore,2785
vestire,2786
circuito,2787
peggio,2788
sorriso,2789
svolta,2790
inaugurare,2791
vitale,2792
condizionare,2793
ritiro,2794
postale,2795
contraddizione,2796
periodico,2797
precedentemente,2798
suggerimento,2799
potenziale,2800
specializzazione,2801
energetico,2802
applicabile,2803
pesca,2804
elevare,2805
sorte,2806
indossare,2807
sereno,2808
marcia,2809
meglio,2810
palla,2811
edilizio,2812
concentrazione,2813
patologia,2814
fuori,2815
sesto,2816
bosco,2817
preghiera,2818
incrementare,2819
parete,2820
riempire,2821
chiarimento,2822
ricavare,2823
raccomandare,2824
affidamento,2825
accessibile,2826
superamento,2827
fallimento,2828
suo,2829
simpatico,2830
sfera,2831
verbale,2832
patria,2833
fotografico,2834
corto,2835
visitatore,2836
insediamento,2837
sacco,2838
inevitabile,2839
diploma,2840
orizzonte,2841
modesto,2842
tuttora,2843
esperimento,2844
trattativa,2845
identificazione,2846
sostenibile,2847
Natale,2848
navigazione,2849
limitato,2850
galleria,2851
varietà,2852
motivare,2853
docente,2854
statistico,2855
spedire,2856
indagare,2857
provenienza,2858
rimandare,2859
dovuto,2860
inizialmente,2861
compenso,2862
quattro,2863
dimostrazione,2864
scatenare,2865
clinico,2866
familiare,2867
prevenire,2868
viale,2869
parente,2870
abbassare,2871
formulazione,2872
vescovo,2873
arabo,2874
inverno,2875
eroe,2876
studioso,2877
raggio,2878
sciopero,2879
misto,2880
scienziato,2881
contento,2882
notturno,2883
es.,2884
accendere,2885
cinese,2886
accennare,2887
abuso,2888
dipendenza,2889
piacevole,2890
strumentale,2891
talmente,2892
pacchetto,2893
testimone,2894
solare,2895
prestito,2896
sopportare,2897
anziano,2898
piattaforma,2899
cittadino,2900
fabbrica,2901
dispiacere,2902
rubare,2903
mappa,2904
molteplice,2905
islamico,2906
sequenza,2907
vantare,2908
droga,2909
sacrificio,2910
giallo,2911
annuncio,2912
espresso,2913
ingegnere,2914
tour,2915
rivestire,2916
spunto,2917
constatare,2918
sostitutivo,2919
tragico,2920
abilità,2921
automaticamente,2922
riposo,2923
stimare,2924
consigliere,2925
dominio,2926
sopravvivere,2927
salto,2928
cellula,2929
dono,2930
contabile,2931
razza,2932
lunghezza,2933
premiare,2934
barriera,2935
ipotizzare,2936
recensione,2937
fretta,2938
competizione,2939
calare,2940
meraviglioso,2941
didattica,2942
cima,2943
britannico,2944
aereo,2945
laddove,2946
sconfiggere,2947
avvenimento,2948
liberamente,2949
continuamente,2950
scappare,2951
separato,2952
rifare,2953
immobile,2954
anticipo,2955
funzionalità,2956
sorprendere,2957
bomba,2958
qualificazione,2959
entusiasmo,2960
svegliare,2961
interrogare,2962
santo,2963
lottare,2964
tanto,2965
confondere,2966
incertezza,2967
domestico,2968
rito,2969
riproduzione,2970
pianificazione,2971
cavaliere,2972
riassumere,2973
generico,2974
rigido,2975
trascinare,2976
difficilmente,2977
grazia,2978
nonostante,2979
cantiere,2980
legittimità,2981
pregiudizio,2982
alimentazione,2983
sommare,2984
precedente,2985
dettagliato,2986
orecchio,2987
settimanale,2988
server,2989
sportello,2990
procura,2991
signorina,2992
domattina,2993
bravo,2994
cosa,2995
grillo,2996
vicino,2997
zucchino,2998
dimostrante,2999
freddo,3000
laggiù,3001
massaggio,3002
morto,3003
neppure,3004
Belgrado,3005
Capri,3006
cardiaco,3007
cellulite,3008
così,3009
immateriale,3010
in mezzo a,3011
in seguito a,3012
pertanto,3013
portiere,3014
preso,3015
quanto,3016
stufa,3017
violentare,3018
applaudire,3019
bistecca,3020
commuovere,3021
mancia,3022
marciare,3023
offensiva,3024
preoccupato,3025
scudetto,3026
Ungheria,3027
Unione Sovietica,3028
a caso,3029
al posto di,3030
attaccante,3031
camion,3032
Cile,3033
diplomatico,3034
falegname,3035
fidanzato,3036
filiale,3037
giurista,3038
invece di,3039
lontano da,3040
mobile,3041
pignorare,3042
rame,3043
rivalutazione,3044
sino a,3045
tangente,3046
Zurigo,3047
a disposizione,3048
al di sotto di,3049
autista,3050
azzurro,3051
ceramica,3052
circa,3053
civile,3054
corrispondente,3055
debutto,3056
dopo che,3057
investigatore,3058
lastra,3059
parroco,3060
per sempre,3061
quadro,3062
ragioniere,3063
rosa,3064
sterlina,3065
barile,3066
colosso,3067
costituente,3068
duomo,3069
EQUIVOCO,3070
fisco,3071
Francoforte,3072
fulmine,3073
genocidio,3074
gorilla,3075
in effetti,3076
incasso,3077
latte,3078
match,3079
meccanico,3080
meno,3081
portafoglio,3082
pugile,3083
rapina,3084
round,3085
significatività,3086
Stoccolma,3087
straordinario,3088
striscione,3089
tavolino,3090
a fianco,3091
acceleratore,3092
accorrere,3093
affiorare,3094
affluire,3095
affrettare,3096
AIDS,3097
al fine di,3098
annegare,3099
aperto,3100
ascesa,3101
boicottare,3102
Brianza,3103
calmo,3104
chimica,3105
clan,3106
clandestino,3107
colonnello,3108
compratore,3109
confisca,3110
consolato,3111
contante,3112
convivente,3113
corridore,3114
cuoio,3115
danese,3116
decollare,3117
desktop,3118
detto,3119
dietro a,3120
distintamente,3121
ecologista,3122
elettricista,3123
embargo,3124
fatale,3125
frana,3126
franco,3127
frantumare,3128
frigorifero,3129
giacere,3130
gonfiare,3131
grafico,3132
grattacielo,3133
imbarcare,3134
in fretta,3135
in seguito,3136
incatenare,3137
inchiodare,3138
leader,3139
maresciallo,3140
meno,3141
metropoli,3142
motorino,3143
motoscafo,3144
notiziario,3145
olocausto,3146
pacifista,3147
parata,3148
pattuglia,3149
per di più,3150
perché,3151
pneumatico,3152
pomeridiano,3153
Praga,3154
proiettile,3155
punk,3156
quasi,3157
razziale,3158
redditività,3159
respirazione,3160
ricamare,3161
riflettore,3162
ritrovamento,3163
bruciare,3164
lago,3165
collezione,3166
degno,3167
sconfitta,3168
peccato,3169
criticare,3170
handicap,3171
Russia,3172
documentare,3173
menu,3174
misterioso,3175
greco,3176
tetto,3177
Israele,3178
reparto,3179
altrove,3180
danza,3181
impostare,3182
oscuro,3183
predisposizione,3184
costantemente,3185
operaio,3186
alleanza,3187
ampiamente,3188
punire,3189
ala,3190
magistratura,3191
banco,3192
globalizzazione,3193
maschile,3194
bambina,3195
turista,3196
reagire,3197
versamento,3198
deroga,3199
appoggio,3200
permanenza,3201
portatore,3202
multimediale,3203
itinerario,3204
editore,3205
capolavoro,3206
blog,3207
gravità,3208
confusione,3209
sapore,3210
puntuale,3211
chiamata,3212
transitorio,3213
viso,3214
Giappone,3215
rimborso,3216
trama,3217
alloggio,3218
liberazione,3219
canone,3220
Bretagna,3221
interazione,3222
mezzogiorno,3223
integrale,3224
visivo,3225
esaurire,3226
malato,3227
parzialmente,3228
nutrire,3229
aeroporto,3230
catalogo,3231
truppa,3232
interprete,3233
mestiere,3234
profondità,3235
sfondo,3236
esibire,3237
specialistico,3238
essenzialmente,3239
spinta,3240
trattenere,3241
abbattere,3242
competere,3243
organico,3244
ufficialmente,3245
Pisa,3246
escluso,3247
prestigioso,3248
viceversa,3249
separazione,3250
istante,3251
indipendenza,3252
eccesso,3253
dinamica,3254
attirare,3255
sessione,3256
spostamento,3257
record,3258
artificiale,3259
accademia,3260
montare,3261
appartamento,3262
americano,3263
secco,3264
prioritario,3265
Francese,3266
criminale,3267
stupire,3268
coalizione,3269
giustamente,3270
qualificare,3271
ruota,3272
portale,3273
fondatore,3274
pilota,3275
approfittare,3276
scritta,3277
federale,3278
indennità,3279
correttamente,3280
ferroviario,3281
specialista,3282
dottrina,3283
ripartizione,3284
musicista,3285
percezione,3286
pesare,3287
odio,3288
visualizzare,3289
inedito,3290
precisione,3291
apparentemente,3292
edilizia,3293
perduto,3294
meridionale,3295
leva,3296
asilo,3297
spegnere,3298
amante,3299
marketing,3300
spontaneo,3301
architettonico,3302
gentile,3303
impossibilità,3304
omogeneo,3305
vetro,3306
materno,3307
Campania,3308
unicamente,3309
flessibilità,3310
deciso,3311
ammirare,3312
copyright,3313
genetico,3314
seno,3315
catturare,3316
abbandono,3317
supremo,3318
conquista,3319
divino,3320
stampare,3321
polvere,3322
procurare,3323
ufficiale,3324
pranzo,3325
ospite,3326
eterno,3327
marchio,3328
manovra,3329
contemplare,3330
imprenditoriale,3331
castello,3332
pulito,3333
sparire,3334
liceo,3335
erba,3336
impero,3337
assorbire,3338
mescolare,3339
torre,3340
miracolo,3341
accrescere,3342
apporto,3343
innamorare,3344
completamento,3345
giapponese,3346
narrare,3347
retribuzione,3348
affascinante,3349
saggio,3350
eliminazione,3351
ospedaliero,3352
informatica,3353
delegazione,3354
continente,3355
abito,3356
malgrado,3357
allestire,3358
competitivo,3359
bacino,3360
sistematico,3361
Romagna,3362
FALSO,3363
scusa,3364
cento,3365
vigile,3366
elettore,3367
abbracciare,3368
previdenza,3369
fumo,3370
qualitativo,3371
articolazione,3372
statistica,3373
rigore,3374
esplodere,3375
rock,3376
eccellenza,3377
diminuzione,3378
manifesto,3379
aggiunta,3380
proclamare,3381
illuminare,3382
vigere,3383
intensità,3384
organizzato,3385
nucleare,3386
classificare,3387
ideologico,3388
nobile,3389
prassi,3390
cerimonia,3391
meccanico,3392
povero,3393
moltiplicare,3394
band,3395
animazione,3396
risiedere,3397
vincitore,3398
barca,3399
leggermente,3400
terapeutico,3401
uovo,3402
lentamente,3403
regno,3404
triennale,3405
talento,3406
tematico,3407
delitto,3408
semplificare,3409
simbolico,3410
discriminazione,3411
danneggiare,3412
trascurare,3413
calore,3414
africano,3415
sopprimere,3416
insegna,3417
insufficiente,3418
neve,3419
espansione,3420
affetto,3421
proiezione,3422
editoriale,3423
ramo,3424
libreria,3425
ebbene,3426
divertimento,3427
premere,3428
razionale,3429
trasparente,3430
autunno,3431
logico,3432
strage,3433
autostrada,3434
incoraggiare,3435
coltivare,3436
laico,3437
ricetta,3438
lavorazione,3439
foresta,3440
gratuitamente,3441
ammontare,3442
coro,3443
rientro,3444
sosta,3445
condotta,3446
artigianato,3447
Siena,3448
villa,3449
ferire,3450
matematico,3451
vicepresidente,3452
augurio,3453
ridotto,3454
invocare,3455
ragionare,3456
lino,3457
distretto,3458
specchio,3459
russo,3460
rabbia,3461
pazienza,3462
rivisto,3463
club,3464
assegno,3465
parcheggio,3466
unico,3467
omicidio,3468
lancio,3469
India,3470
rilevazione,3471
levare,3472
attorno,3473
legislatore,3474
business,3475
ampliamento,3476
bollettino,3477
certificare,3478
calo,3479
attualità,3480
mutamento,3481
assolvere,3482
caffè,3483
severo,3484
etichetta,3485
elegante,3486
anello,3487
meta,3488
accontentare,3489
immergere,3490
restante,3491
incrociare,3492
luminoso,3493
culto,3494
omaggio,3495
vuoto,3496
diario,3497
umanitario,3498
filosofico,3499
gatto,3500
denominazione,3501
motivato,3502
deliberare,3503
master,3504
abrogare,3505
immobile,3506
soggettivo,3507
bimbo,3508
animale,3509
collocazione,3510
menzionare,3511
schierare,3512
passivo,3513
staccare,3514
profitto,3515
Catania,3516
maturo,3517
salvaguardare,3518
odiare,3519
metropolitano,3520
sfruttamento,3521
dubbio,3522
fiera,3523
ugualmente,3524
giornaliero,3525
atleta,3526
probabilità,3527
bacio,3528
cittadina,3529
Puglia,3530
orale,3531
originale,3532
pulizia,3533
militare,3534
assicurativo,3535
respiro,3536
status,3537
autorevole,3538
stanziamento,3539
sondaggio,3540
nozione,3541
assente,3542
felicità,3543
delegato,3544
variabile,3545
valle,3546
ideale,3547
disturbo,3548
musulmano,3549
stipendio,3550
vivente,3551
paradiso,3552
indiretto,3553
moneta,3554
millennio,3555
fiero,3556
collina,3557
Svizzera,3558
avvolgere,3559
Mediterraneo,3560
beneficiare,3561
discreto,3562
tiro,3563
rigoroso,3564
sapere,3565
riflesso,3566
preferenza,3567
accettazione,3568
manuale,3569
est,3570
competitività,3571
convinto,3572
ingegneria,3573
nostro,3574
difensore,3575
pausa,3576
inoltrare,3577
adeguatamente,3578
creatura,3579
festeggiare,3580
dose,3581
diplomatico,3582
monumento,3583
conseguentemente,3584
ricadere,3585
configurazione,3586
comprensivo,3587
perso,3588
dramma,3589
vocazione,3590
leggenda,3591
verbale,3592
prevalente,3593
dichiarato,3594
naso,3595
anonimo,3596
aggiornato,3597
equivalere,3598
rosa,3599
ragionevole,3600
approfondito,3601
controversia,3602
precisamente,3603
sviluppato,3604
convivenza,3605
conosciuto,3606
frazione,3607
foglia,3608
fascino,3609
rurale,3610
dente,3611
archeologico,3612
lacrima,3613
spedizione,3614
conclusivo,3615
estraneo,3616
gamma,3617
alimento,3618
costruttivo,3619
proiettare,3620
centrale,3621
quaranta,3622
cellulare,3623
eccellente,3624
hotel,3625
isolare,3626
coppa,3627
curriculum,3628
laureare,3629
sbagliato,3630
sistemare,3631
latino,3632
Bolzano,3633
concorrente,3634
comandante,3635
costoso,3636
parallelo,3637
periferico,3638
conseguimento,3639
unitamente,3640
capitano,3641
scoppiare,3642
sincero,3643
Perugia,3644
poetico,3645
accumulare,3646
iracheno,3647
pellicola,3648
ecologico,3649
semplificazione,3650
stimolo,3651
mossa,3652
esaltare,3653
telefonare,3654
posteriore,3655
ansia,3656
tracciare,3657
condivisione,3658
massiccio,3659
crimine,3660
nudo,3661
tacere,3662
sintetico,3663
estetico,3664
tasca,3665
festival,3666
altrettanto,3667
estrarre,3668
sonno,3669
parlamentare,3670
classificazione,3671
ragionamento,3672
respirare,3673
sopravvivenza,3674
illusione,3675
tenuta,3676
liberale,3677
curioso,3678
rubrica,3679
creatività,3680
scarpa,3681
solitudine,3682
munire,3683
rivendicare,3684
inevitabilmente,3685
esplicitamente,3686
Asia,3687
osare,3688
telecomunicazione,3689
gratis,3690
armonia,3691
procuratore,3692
svelare,3693
tradire,3694
dominante,3695
punteggio,3696
supporre,3697
pazzo,3698
variante,3699
salvezza,3700
grandezza,3701
tifoso,3702
alba,3703
perplessità,3704
esigere,3705
degradare,3706
invadere,3707
pasta,3708
ferita,3709
disturbare,3710
pasto,3711
risarcimento,3712
lavare,3713
terrestre,3714
sentiero,3715
prenotazione,3716
quadrato,3717
celebrazione,3718
scuro,3719
illegale,3720
etnico,3721
sistemazione,3722
periferia,3723
sacerdote,3724
complementare,3725
cognome,3726
spuntare,3727
scherzare,3728
udienza,3729
disperato,3730
pittura,3731
sorveglianza,3732
performance,3733
indicatore,3734
croce,3735
maglia,3736
singolare,3737
improvvisamente,3738
incerto,3739
super,3740
remoto,3741
volentieri,3742
ballo,3743
angelo,3744
nascosto,3745
spezzare,3746
stavolta,3747
incidenza,3748
interiore,3749
mediterraneo,3750
lieve,3751
interrogazione,3752
flessibile,3753
accelerare,3754
vincolare,3755
educare,3756
stendere,3757
disoccupazione,3758
dimissione,3759
mediazione,3760
sintomo,3761
frutta,3762
rotondo,3763
design,3764
appositamente,3765
automobile,3766
scomparsa,3767
residenziale,3768
orgoglio,3769
portavoce,3770
equo,3771
impulso,3772
consistenza,3773
mostro,3774
incendio,3775
urlare,3776
roba,3777
debolezza,3778
vincitore,3779
vestito,3780
collo,3781
velocemente,3782
rimedio,3783
vicinanza,3784
asse,3785
ideologia,3786
compromesso,3787
stabilimento,3788
smentire,3789
asta,3790
tardo,3791
annualmente,3792
cm,3793
centimetro,3794
numerico,3795
psicologia,3796
esplosione,3797
capoluogo,3798
settimo,3799
appassionato,3800
forestale,3801
navigare,3802
critico,3803
occupazionale,3804
allungare,3805
fama,3806
genio,3807
Grecia,3808
dotato,3809
spettacolare,3810
regolamentazione,3811
soddisfatto,3812
versante,3813
attrarre,3814
settanta,3815
seme,3816
petrolio,3817
osso,3818
consultivo,3819
diagnosi,3820
cessione,3821
Brasile,3822
terrore,3823
proporzione,3824
buio,3825
compromettere,3826
Porto,3827
riaprire,3828
centrare,3829
incentivo,3830
caricare,3831
consueto,3832
carità,3833
largo,3834
politico,3835
rottura,3836
perdonare,3837
network,3838
Berlino,3839
dedurre,3840
legittimare,3841
porzione,3842
telefonata,3843
varare,3844
incapace,3845
chitarra,3846
essenza,3847
censura,3848
staff,3849
piegare,3850
architetto,3851
filosofo,3852
circolare,3853
ostacolare,3854
testata,3855
adoperare,3856
dipingere,3857
lupo,3858
aggirare,3859
contestazione,3860
ricominciare,3861
convocazione,3862
prefetto,3863
appropriato,3864
stasera,3865
quantitativo,3866
fregare,3867
resoconto,3868
rivoluzionario,3869
clausola,3870
ispirazione,3871
colpevole,3872
scandalo,3873
amica,3874
presidio,3875
palco,3876
anteriore,3877
compimento,3878
agenda,3879
rotta,3880
adorare,3881
mortale,3882
collettività,3883
fiamma,3884
altamente,3885
presupporre,3886
Marche,3887
disastro,3888
restauro,3889
strutturare,3890
idoneità,3891
solitamente,3892
consulente,3893
ricondurre,3894
sfiorare,3895
odore,3896
strappare,3897
burocratico,3898
intellettuale,3899
notevolmente,3900
accettabile,3901
consecutivo,3902
vangelo,3903
indiano,3904
relazionare,3905
invenzione,3906
seriamente,3907
quotidianamente,3908
fumetto,3909
cessazione,3910
papà,3911
appassionato,3912
notificare,3913
sinceramente,3914
fumare,3915
caratteristico,3916
contraddittorio,3917
ricevimento,3918
attrice,3919
inseguire,3920
comprensibile,3921
terrorista,3922
pregio,3923
colorato,3924
mila,3925
autobus,3926
doloroso,3927
letteralmente,3928
innanzi,3929
virus,3930
equilibrato,3931
nervoso,3932
star,3933
cacciare,3934
interruzione,3935
intermedio,3936
ironia,3937
magia,3938
batteria,3939
combinare,3940
storico,3941
spaziale,3942
impiegato,3943
deserto,3944
visibilità,3945
interlocutore,3946
pretesa,3947
spada,3948
puntata,3949
fallire,3950
strato,3951
sommario,3952
fingere,3953
candidatura,3954
accurato,3955
sufficientemente,3956
rovinare,3957
regalo,3958
rassicurare,3959
liquidazione,3960
stupendo,3961
scorta,3962
maturità,3963
progressivamente,3964
lesione,3965
compensare,3966
cerchio,3967
esecutivo,3968
interpretativo,3969
bibliografia,3970
stesura,3971
differenziare,3972
assistente,3973
discendere,3974
semplicità,3975
malato,3976
impegnativo,3977
bottiglia,3978
commedia,3979
combinazione,3980
invisibile,3981
privilegio,3982
cenno,3983
pittore,3984
esplorare,3985
ebraico,3986
adattamento,3987
eredità,3988
confuso,3989
mirato,3990
coraggioso,3991
offendere,3992
domicilio,3993
emotivo,3994
nonno,3995
cantante,3996
posizionare,3997
dannoso,3998
cruciale,3999
badare,4000
apparecchio,4001
avanguardia,4002
orrore,4003
combattimento,4004
convivere,4005
verticale,4006
gloria,4007
capogruppo,4008
sconosciuto,4009
maschera,4010
Austria,4011
grigio,4012
correzione,4013
poliziotto,4014
compatibilità,4015
ingrediente,4016
fine,4017
indubbiamente,4018
intrecciare,4019
ebreo,4020
omettere,4021
solidale,4022
pacifico,4023
traguardo,4024
benché,4025
concretamente,4026
precipitare,4027
tranquillamente,4028
preoccupante,4029
comandare,4030
unificato,4031
prete,4032
conversazione,4033
Cagliari,4034
busta,4035
sentire,4036
sposo,4037
venti,4038
camomilla,4039
fotogramma,4040
mutande,4041
Sondrio,4042
zucca,4043
chirurgo,4044
cioccolato,4045
fieno,4046
formica,4047
minuto,4048
paglia,4049
permesso,4050
tè,4051
tocco,4052
trapiantare,4053
volpe,4054
al contrario,4055
alienazione,4056
ambulanza,4057
assassino,4058
atletica,4059
basso,4060
bidello,4061
bilancia,4062
cabina,4063
cauto,4064
ciliegia,4065
cognata,4066
commissariato,4067
conte,4068
cronista,4069
diplomazia,4070
eccedenza,4071
economista,4072
elettricità,4073
forte,4074
fucilare,4075
ginnastica,4076
in relazione a,4077
infarto,4078
interferenza,4079
logicamente,4080
lontano,4081
lotteria,4082
maledetto,4083
massacrare,4084
missile,4085
Nazioni Unite,4086
negro,4087
no,4088
oliare,4089
onorario,4090
oscillazione,4091
P.E.,4092
pizzeria,4093
poverino,4094
prima,4095
privatizzare,4096
progressista,4097
RAI,4098
reattore,4099
record,4100
scetticismo,4101
scettico,4102
seppellire,4103
stivale,4104
Sudafrica,4105
tassista,4106
taxi,4107
tutto,4108
verdetto,4109
veste,4110
zanna,4111
a proposito di,4112
al di fuori di,4113
amichevole,4114
antenna,4115
appena,4116
assassinare,4117
australiano,4118
botta,4119
brusco,4120
cacao,4121
cancello,4122
cassaforte,4123
cintura,4124
cocaina,4125
coma,4126
congiuntura,4127
durevole,4128
ecologista,4129
ergastolo,4130
fino,4131
g,4132
Gibilterra,4133
giusto,4134
grasso,4135
in breve,4136
in modo che,4137
insistenza,4138
internazionalizzazione,4139
leggerezza,4140
lentezza,4141
Libia,4142
maggiore,4143
massima,4144
memoriale,4145
nel contempo,4146
nel quadro di,4147
nero,4148
nucleare,4149
nuvoloso,4150
paralizzare,4151
partenariato,4152
passante,4153
patriottico,4154
pedaggio,4155
piano,4156
piazzale,4157
piccolo,4158
predecessore,4159
progressista,4160
rivincita,4161
Serbia,4162
somigliare,4163
sussurrare,4164
svizzero,4165
tabù,4166
temporale,4167
tregua,4168
a meno che,4169
abbondantemente,4170
addebitare,4171
affittare,4172
affollare,4173
aggettivo,4174
al di sopra di,4175
alimentare,4176
alleggerire,4177
allora,4178
assemblare,4179
bancario,4180
banchiere,4181
barbone,4182
battezzare,4183
blitz,4184
bruscamente,4185
burocrazia,4186
bussare,4187
cannone,4188
caro,4189
cespuglio,4190
ciclismo,4191
cinghiale,4192
Cisgiordania,4193
collisione,4194
colorare,4195
comicità,4196
commentatore,4197
coniglio,4198
coscia,4199
crociera,4200
culminare,4201
custode,4202
dilagare,4203
disseminare,4204
dittatore,4205
divano,4206
dopodomani,4207
durezza,4208
elica,4209
Eolie,4210
esercente,4211
euforia,4212
evaso,4213
fine settimana,4214
finito,4215
fischio,4216
frumento,4217
frustrazione,4218
garage,4219
gel,4220
generalizzare,4221
ghetto,4222
gita,4223
golf,4224
grazie,4225
guanto,4226
imbarcazione,4227
impotenza,4228
in avanti,4229
infermiere,4230
interminabile,4231
intervistare,4232
intrappolare,4233
irresponsabile,4234
irritazione,4235
leadership,4236
lecito,4237
macchinista,4238
maestoso,4239
mai più,4240
maledetto,4241
management,4242
manganello,4243
miliardario,4244
Norvegia,4245
nulla,4246
ordinazione,4247
orribile,4248
ossessione,4249
ostaggio,4250
ottimista,4251
palloncino,4252
pantaloni,4253
pareggio,4254
partitura,4255
piccione,4256
piega,4257
pietoso,4258
popolarità,4259
posa,4260
predire,4261
preside,4262
prima che,4263
problematica,4264
prognosi,4265
prudente,4266
radicale,4267
rapinatore,4268
registratore,4269
ribelle,4270
rilassamento,4271
rinforzare,4272
rissa,4273
rozzo,4274
rugby,4275
sale,4276
salvo,4277
sbocco,4278
scartare,4279
scisma,4280
scoglio,4281
segretaria,4282
set,4283
Shanghai,4284
show,4285
socialdemocratico,4286
socialismo,4287
soffitto,4288
sospetto,4289
spengere,4290
spesso,4291
spia,4292
statale,4293
stoffa,4294
tabacco,4295
telegiornale,4296
televisore,4297
trapianto,4298
trofeo,4299
valanga,4300
valigia,4301
vano,4302
Vaticano,4303
vecchio,4304
veto,4305
villetta,4306
vitamina,4307
volante,4308
arena,4309
armadio,4310
biscotto,4311
bugia,4312
buonasera,4313
candela,4314
cenare,4315
chinare,4316
commesso,4317
fascio,4318
filare,4319
furbo,4320
grana,4321
indovinare,4322
lassù,4323
merenda,4324
partorire,4325
pino,4326
pitturare,4327
ripagare,4328
rotella,4329
salvataggio,4330
scuderia,4331
seminario,4332
si,4333
slittare,4334
sostituto,4335
Spalato,4336
spirale,4337
sponsorizzazione,4338
stampante,4339
strega,4340
suocera,4341
suora,4342
tale,4343
tanto,4344
tanto,4345
tanto è vero che,4346
tattico,4347
telespettatore,4348
terrorizzare,4349
tinta,4350
tivù,4351
Tolone,4352
Tolosa,4353
troppo,4354
valutario,4355
vespa,4356
marca,4357
Salerno,4358
follia,4359
uccello,4360
ballare,4361
profumo,4362
sconto,4363
accordare,4364
copertina,4365
mobilitazione,4366
ferito,4367
giustificazione,4368
buco,4369
proprietario,4370
privacy,4371
positivamente,4372
bicchiere,4373
paragrafo,4374
vincente,4375
custodire,4376
igiene,4377
gol,4378
cellulare,4379
fronteggiare,4380
specificità,4381
repertorio,4382
patrimoniale,4383
peggio,4384
maschio,4385
ripensare,4386
fornitore,4387
affetto,4388
determinante,4389
ferrovia,4390
prevedibile,4391
resa,4392
anzitutto,4393
cornice,4394
intimo,4395
novecento,4396
riva,4397
decadenza,4398
grido,4399
ritratto,4400
raccomandazione,4401
spessore,4402
terroristico,4403
addio,4404
esportazione,4405
applauso,4406
eco,4407
incentrare,4408
avvisare,4409
legalità,4410
selezionato,4411
contabilità,4412
invernale,4413
calma,4414
orizzontale,4415
onesto,4416
rosso,4417
roccia,4418
ferie,4419
folla,4420
copiare,4421
convenzionale,4422
racchiudere,4423
tempio,4424
ausilio,4425
protestare,4426
analitico,4427
specialità,4428
prelevare,4429
vigilia,4430
rafforzamento,4431
privilegiato,4432
fusione,4433
doppio,4434
rifugio,4435
repressione,4436
cattolico,4437
delegato,4438
superficiale,4439
sottovalutare,4440
socialista,4441
diavolo,4442
pulire,4443
fascista,4444
caldo,4445
matematica,4446
forno,4447
Egitto,4448
ideare,4449
fantasma,4450
proroga,4451
promozionale,4452
pastore,4453
interagire,4454
notifica,4455
infilare,4456
etica,4457
generoso,4458
cartaceo,4459
innumerevole,4460
Liguria,4461
marino,4462
sottoscrizione,4463
formalmente,4464
pugno,4465
icona,4466
medaglia,4467
ottimale,4468
conoscitivo,4469
interfaccia,4470
monetario,4471
slogan,4472
distacco,4473
complimento,4474
sfidare,4475
dubitare,4476
giurare,4477
alleato,4478
lordo,4479
lieto,4480
marittimo,4481
transizione,4482
confessare,4483
venditore,4484
scivolare,4485
criminalità,4486
amaro,4487
stage,4488
discesa,4489
classico,4490
fabbisogno,4491
ridicolo,4492
riposare,4493
gola,4494
vizio,4495
raccordo,4496
frenare,4497
favola,4498
contenitore,4499
propaganda,4500
inferno,4501
abbigliamento,4502
gravidanza,4503
fondato,4504
monitorare,4505
salone,4506
miseria,4507
giovare,4508
vivace,4509
facilità,4510
invasione,4511
uno,4512
prenotare,4513
preannunciare,4514
incominciare,4515
politicamente,4516
sporco,4517
commerciante,4518
insieme,4519
imminente,4520
residuo,4521
inquietante,4522
spiccare,4523
prigioniero,4524
accompagnamento,4525
parrocchia,4526
medievale,4527
governatore,4528
deludere,4529
sceneggiatura,4530
cristiano,4531
svariato,4532
tumore,4533
incapacità,4534
sigla,4535
scatola,4536
acuto,4537
Australia,4538
europeo,4539
ripercorrere,4540
birra,4541
indifferente,4542
clandestino,4543
natale,4544
parecchio,4545
morbido,4546
raramente,4547
palestinese,4548
accento,4549
manuale,4550
fortunato,4551
replica,4552
proporzionale,4553
intuire,4554
inaugurazione,4555
ripristinare,4556
colmare,4557
credibile,4558
Ancona,4559
psichico,4560
israeliano,4561
pescare,4562
inflazione,4563
teso,4564
erede,4565
puramente,4566
bicicletta,4567
sorgente,4568
formaggio,4569
sedia,4570
raffinato,4571
silenzioso,4572
semestre,4573
rileggere,4574
affitto,4575
allevamento,4576
regolarità,4577
opportunamente,4578
influire,4579
penetrare,4580
successione,4581
palese,4582
curva,4583
morale,4584
rodere,4585
abbondante,4586
penna,4587
cartello,4588
meraviglia,4589
organizzatore,4590
delusione,4591
alterare,4592
multiplo,4593
spaventare,4594
selvaggio,4595
sabbia,4596
ricovero,4597
tolleranza,4598
attingere,4599
fondere,4600
variabile,4601
coniuge,4602
metallo,4603
ultimamente,4604
carino,4605
confidare,4606
Umbria,4607
inaccettabile,4608
infantile,4609
cuocere,4610
brillante,4611
appassionare,4612
crollare,4613
abolire,4614
circostante,4615
simpatia,4616
matrice,4617
carico,4618
circoscrizione,4619
panno,4620
colazione,4621
tentazione,4622
genero,4623
aggressivo,4624
ricezione,4625
grafica,4626
illustre,4627
femmina,4628
allenatore,4629
utilizzabile,4630
Olanda,4631
carro,4632
collocamento,4633
rilassare,4634
magazzino,4635
allargamento,4636
piano,4637
Argentina,4638
produttività,4639
abbinare,4640
uniforme,4641
apprezzamento,4642
piscina,4643
labbro,4644
litro,4645
database,4646
fastidio,4647
piovere,4648
sovietico,4649
argomentazione,4650
riorganizzazione,4651
unanimità,4652
aderente,4653
stop,4654
potenzialmente,4655
fitto,4656
scarico,4657
prelievo,4658
apparecchiatura,4659
allegro,4660
ignoranza,4661
abbandonato,4662
referente,4663
complicare,4664
restituzione,4665
cartella,4666
macchia,4667
anniversario,4668
destro,4669
Rimini,4670
guaio,4671
alquanto,4672
porgere,4673
dote,4674
cardinale,4675
scuotere,4676
benzina,4677
rallentare,4678
aggravare,4679
ripristino,4680
liquidare,4681
attitudine,4682
inadeguato,4683
realistico,4684
ragazzino,4685
allenare,4686
imperatore,4687
ingiustizia,4688
correttezza,4689
riscuotere,4690
astratto,4691
Turchia,4692
magnifico,4693
periodicamente,4694
brillare,4695
vergogna,4696
buono,4697
occupato,4698
schieramento,4699
argento,4700
esemplare,4701
affascinare,4702
allenamento,4703
vendetta,4704
salario,4705
omonimo,4706
cronico,4707
rinuncia,4708
fragile,4709
ginocchio,4710
contrapporre,4711
finto,4712
palestra,4713
pluriennale,4714
furto,4715
moderato,4716
pessimo,4717
morto,4718
incluso,4719
spargere,4720
circolare,4721
ammazzare,4722
gioventù,4723
illuminazione,4724
romantico,4725
canna,4726
zucchero,4727
artigiano,4728
imputato,4729
oggetto,4730
tranquillità,4731
sequestrare,4732
cattedra,4733
dialogare,4734
ospite,4735
prato,4736
incubo,4737
paragonare,4738
clamoroso,4739
stupido,4740
rinnovamento,4741
tessera,4742
piazzare,4743
sconvolgere,4744
prigione,4745
preda,4746
Belgio,4747
imponente,4748
deficit,4749
affondare,4750
intervallo,4751
agrario,4752
libretto,4753
apparenza,4754
orchestra,4755
biografia,4756
percentuale,4757
pronuncia,4758
costitutivo,4759
hardware,4760
veneto,4761
accessorio,4762
innescare,4763
aspirazione,4764
folle,4765
tuo,4766
tollerare,4767
contadino,4768
serio,4769
contenuto,4770
abbraccio,4771
vegetale,4772
cortile,4773
travolgere,4774
tramonto,4775
sbattere,4776
espulsione,4777
prestigio,4778
corridoio,4779
mentalità,4780
corruzione,4781
abbonamento,4782
serenità,4783
fiato,4784
apparente,4785
giornalistico,4786
prossimità,4787
rivelazione,4788
tasto,4789
compilazione,4790
zio,4791
escursione,4792
custodia,4793
conveniente,4794
svizzero,4795
adulto,4796
mafia,4797
domani,4798
abile,4799
donazione,4800
gustare,4801
optare,4802
asiatico,4803
collana,4804
sacrificare,4805
baciare,4806
casuale,4807
coltivazione,4808
potenziale,4809
artigianale,4810
isolamento,4811
siglare,4812
velo,4813
archiviare,4814
regina,4815
dopoguerra,4816
aliquota,4817
telecamera,4818
specifica,4819
tempestivamente,4820
produttore,4821
fotografare,4822
equivalente,4823
illegittimo,4824
distante,4825
bozza,4826
giurisdizione,4827
obiezione,4828
dieta,4829
importazione,4830
irregolare,4831
peculiarità,4832
peculiare,4833
statua,4834
caos,4835
dimora,4836
accreditare,4837
greco,4838
nemico,4839
nipote,4840
bandire,4841
incompatibile,4842
esibizione,4843
fortunatamente,4844
buio,4845
obbiettivo,4846
stress,4847
ingiusto,4848
borgo,4849
passeggero,4850
raddoppiare,4851
contribuente,4852
ammontare,4853
primato,4854
viabilità,4855
esemplare,4856
rimozione,4857
pietà,4858
petto,4859
corda,4860
annullamento,4861
integrità,4862
mattinata,4863
accessorio,4864
complicato,4865
golfo,4866
privatizzazione,4867
tributo,4868
gomma,4869
bocciare,4870
pallone,4871
negoziato,4872
kg,4873
peggiorare,4874
esperto,4875
acustico,4876
eccedere,4877
riso,4878
stupefacente,4879
undici,4880
cristianesimo,4881
passeggiata,4882
comunicativo,4883
errato,4884
militante,4885
facciata,4886
metafora,4887
divisa,4888
sequestro,4889
attentamente,4890
rettore,4891
multa,4892
adolescente,4893
Gerusalemme,4894
soddisfacente,4895
filmato,4896
fedeltà,4897
denso,4898
perfezione,4899
tempestivo,4900
Friuli,4901
ambizione,4902
cast,4903
bevanda,4904
riabilitazione,4905
riscaldamento,4906
indirettamente,4907
cadavere,4908
vigilare,4909
manifesto,4910
attivamente,4911
regolazione,4912
graduale,4913
cattura,4914
improbabile,4915
accostare,4916
orgoglioso,4917
ghiaccio,4918
scontrare,4919
parco,4920
amministrare,4921
esitare,4922
corteo,4923
multinazionale,4924
scultura,4925
verdura,4926
pertinente,4927
schiacciare,4928
totalità,4929
satellite,4930
assimilare,4931
onorare,4932
scherzo,4933
posare,4934
ottanta,4935
immigrato,4936
gigantesco,4937
sigaretta,4938
illustrazione,4939
comodo,4940
transito,4941
attrezzare,4942
torto,4943
consolare,4944
ruotare,4945
casella,4946
atto,4947
fedele,4948
Mosca,4949
narrazione,4950
avanzato,4951
periodico,4952
atmosferico,4953
fascicolo,4954
Svezia,4955
convincente,4956
informale,4957
preventivamente,4958
sprecare,4959
implicazione,4960
rinnovabile,4961
compatto,4962
economicamente,4963
scatto,4964
nono,4965
rinvenire,4966
rendimento,4967
gravemente,4968
conservatore,4969
guadagno,4970
coesione,4971
frammento,4972
rigorosamente,4973
tonnellata,4974
tristezza,4975
fetta,4976
filtro,4977
perfezionamento,4978
impronta,4979
cancro,4980
assomigliare,4981
cordiale,4982
angoscia,4983
farmaceutico,4984
paziente,4985
plastica,4986
mille,4987
tastiera,4988
cella,4989
passeggiare,4990
pannello,4991
Livorno,4992
rovesciare,4993
orologio,4994
assalto,4995
Udine,4996
pepe,4997
riparare,4998
metallico,4999
pagano,5000
crollo,5001
urlo,5002
perfezionare,5003
cognitivo,5004
affidabile,5005
richiedente,5006
esercitazione,5007
disperazione,5008
risata,5009
schiena,5010
sponda,5011
settentrionale,5012
abituale,5013
conduzione,5014
padrone,5015
impazzire,5016
acciaio,5017
tomba,5018
lineare,5019
focalizzare,5020
stagionale,5021
dapprima,5022
feroce,5023
trionfo,5024
climatico,5025
coincidenza,5026
interrogativo,5027
lucido,5028
lusso,5029
largamente,5030
vano,5031
originare,5032
concorrente,5033
filtrare,5034
risanamento,5035
occhiata,5036
detenuto,5037
locazione,5038
ago,5039
fatturato,5040
foro,5041
mobilitare,5042
consolidamento,5043
restaurare,5044
dissenso,5045
vettura,5046
fascismo,5047
reclutamento,5048
pianura,5049
mensa,5050
confezione,5051
composto,5052
atletico,5053
anteprima,5054
browser,5055
contrarre,5056
innalzare,5057
adempiere,5058
celeste,5059
regnare,5060
tortura,5061
credibilità,5062
sindrome,5063
contingente,5064
aspirare,5065
guarire,5066
ironico,5067
declino,5068
detenzione,5069
sofisticato,5070
bestia,5071
smaltimento,5072
pavimento,5073
contorno,5074
bontà,5075
aggressione,5076
termico,5077
contadino,5078
raffigurare,5079
attraverso,5080
ratificare,5081
difensivo,5082
torneo,5083
laterale,5084
conciliare,5085
tecnicamente,5086
distare,5087
attrazione,5088
chilo,5089
salita,5090
scavare,5091
stand,5092
comodo,5093
solitario,5094
appunto,5095
banale,5096
extracomunitario,5097
paradosso,5098
segmento,5099
medioevo,5100
fisicamente,5101
ritardare,5102
DVD,5103
congiuntamente,5104
russo,5105
contenimento,5106
alterazione,5107
rivolta,5108
applicato,5109
bagaglio,5110
inesistente,5111
uguaglianza,5112
atteso,5113
olandese,5114
sponsor,5115
maternità,5116
ambizioso,5117
amato,5118
complice,5119
supermercato,5120
ispettore,5121
cartone,5122
abolizione,5123
esportare,5124
terremoto,5125
console,5126
ingannare,5127
originalità,5128
evolutivo,5129
accentuare,5130
mago,5131
pubblicamente,5132
radicalmente,5133
ovest,5134
sotterraneo,5135
intravedere,5136
fattura,5137
infezione,5138
somministrazione,5139
indifferenza,5140
gioiello,5141
crudele,5142
licenziare,5143
residuo,5144
ambasciatore,5145
Polonia,5146
alleato,5147
differire,5148
monopolio,5149
chirurgia,5150
comunione,5151
riparo,5152
operatività,5153
ringraziamento,5154
gigante,5155
ricoverare,5156
originariamente,5157
altrui,5158
brevemente,5159
impressionante,5160
vetrina,5161
dittatura,5162
proibire,5163
pelo,5164
gerarchia,5165
restringere,5166
Abruzzo,5167
codificare,5168
grasso,5169
socialmente,5170
nazionalità,5171
possibilmente,5172
raggiungibile,5173
chiaro,5174
sostenitore,5175
prosecuzione,5176
rotazione,5177
ettaro,5178
fisico,5179
prefettura,5180
storicamente,5181
tirocinio,5182
voltare,5183
Pavia,5184
sovranità,5185
licenziamento,5186
confessione,5187
anomalia,5188
fibra,5189
volto,5190
zitto,5191
arrivederci,5192
brodo,5193
calzino,5194
cartolina,5195
disteso,5196
elettromagnetico,5197
feci,5198
friggere,5199
impiccare,5200
ingrassare,5201
paniere,5202
parecchio,5203
pera,5204
plastico,5205
porco,5206
presto,5207
puzzo,5208
scemo,5209
sega,5210
strozzare,5211
studentesco,5212
costiero,5213
popolare,5214
sfilare,5215
cacciatore,5216
immaginario,5217
societario,5218
tempesta,5219
inviato,5220
vena,5221
ottocento,5222
parcheggiare,5223
corona,5224
depressione,5225
bilaterale,5226
sforzare,5227
questionario,5228
intuizione,5229
nonna,5230
modernità,5231
illuminato,5232
extra,5233
geniale,5234
subordinato,5235
crema,5236
esagerare,5237
equiparare,5238
imperiale,5239
rapportare,5240
cantina,5241
psicologo,5242
goccia,5243
montaggio,5244
logo,5245
robusto,5246
mela,5247
questura,5248
rovina,5249
estrazione,5250
ratifica,5251
oltretutto,5252
diocesi,5253
cautela,5254
rispecchiare,5255
prego,5256
nastro,5257
preferito,5258
incrocio,5259
magnetico,5260
localizzazione,5261
isolato,5262
faticoso,5263
cavo,5264
barra,5265
crudo,5266
apposta,5267
penisola,5268
altare,5269
miele,5270
solenne,5271
Messico,5272
delimitare,5273
retribuire,5274
spaccare,5275
addetto,5276
rapire,5277
prolungato,5278
riparazione,5279
agitare,5280
addestramento,5281
retorica,5282
taglia,5283
giuria,5284
operaio,5285
partecipante,5286
incorporare,5287
avanzamento,5288
brasiliano,5289
cimitero,5290
mollare,5291
Basilicata,5292
pianificare,5293
ottavo,5294
farina,5295
punizione,5296
nostalgia,5297
cieco,5298
ambiguo,5299
password,5300
Ginevra,5301
vissuto,5302
ricco,5303
maestro,5304
viaggiatore,5305
oliva,5306
dottorato,5307
vaso,5308
lavoratrice,5309
efficacemente,5310
saggezza,5311
dirigenza,5312
incompatibilità,5313
spettro,5314
convergenza,5315
sospettare,5316
paragone,5317
scioglimento,5318
istinto,5319
igienico,5320
jazz,5321
imitare,5322
emergente,5323
temporaneamente,5324
cieco,5325
teste,5326
pluralità,5327
anomalo,5328
aspro,5329
selvatico,5330
sorprendente,5331
clientela,5332
ricaduta,5333
introduttivo,5334
biologia,5335
francamente,5336
intreccio,5337
cappello,5338
procedurale,5339
liquido,5340
raggruppare,5341
ridare,5342
ospitalità,5343
pomodoro,5344
pescatore,5345
chirurgico,5346
implementare,5347
umore,5348
subentrare,5349
a condizione che,5350
a lungo,5351
a piedi,5352
a proposito,5353
a seconda che,5354
a volte,5355
abbaiare,5356
abbonarsi,5357
abbondanza,5358
abbreviare,5359
abbronzarsi,5360
abete,5361
abilità ,5362
abisso,5363
abituarsi,5364
aborto,5365
abusare,5366
accanto a,5367
accarezzare,5368
accenno,5369
accertarsi,5370
accoltellare,5371
acconsentire,5372
accontentarsi,5373
accoppiare,5374
accorgersi,5375
accuratamente,5376
aceto,5377
acido,5378
acquario,5379
ad esempio,5380
ad ogni modo,5381
adattarsi,5382
addormentarsi,5383
affamato,5384
afferrare,5385
affettuoso,5386
affidarsi,5387
affilare,5388
affilato,5389
affollato,5390
affrettarsi,5391
aggiustare,5392
agile,5393
agitazione,5394
aglio,5395
agnello,5396
agricoltore,5397
aiutante,5398
al dettaglio,5399
albero di natale,5400
albicocca,5401
alce,5402
alfabeto,5403
alla fine,5404
allagare,5405
allegria,5406
allenarsi,5407
allergia,5408
allevare,5409
allo stesso modo,5410
alloggiare,5411
allontanarsi,5412
allungarsi,5413
altoparlante,5414
alzarsi,5415
ambasciata,5416
ammalarsi,5417
ammirazione,5418
analista,5419
anarchico,5420
anatra,5421
andare via,5422
andarsene,5423
annaffiare,5424
annientare,5425
annodare,5426
annoiarsi,5427
annoiato,5428
annotare,5429
annuire,5430
annusare,5431
antenato,5432
ape,5433
apostolo,5434
appendere,5435
appetito,5436
appoggiarsi,5437
apprendista,5438
arancia,5439
arancione,5440
arbitro,5441
archeologo,5442
arcipelago,5443
argilla,5444
armonioso,5445
arrabbiarsi,5446
arrabbiato,5447
arrampicarsi,5448
arredamento,5449
arrendersi,5450
arrostire,5451
arrotolare,5452
ascensore,5453
asciugamano,5454
asciugare,5455
asciugarsi,5456
asciutto,5457
asfalto,5458
asilo nido,5459
assaggiare,5460
assalire,5461
assistenza sanitaria,5462
assurdità,5463
ateo,5464
atomo,5465
attenuare,5466
atterraggio,5467
atterrare,5468
attività ,5469
attraente,5470
attrezzo,5471
audace,5472
autocarro,5473
avanzo,5474
avere bisogno,5475
avere paura,5476
aviazione,5477
avverarsi,5478
avvertimento,5479
avviamento,5480
avvicinarsi,5481
avvitare,5482
bacchetta,5483
bagnare,5484
bagnato,5485
bagnoschiuma,5486
baia,5487
balcone,5488
bambola,5489
banana,5490
banca dati,5491
banchina,5492
bara,5493
baracca,5494
barattolo,5495
barba,5496
barone,5497
basarsi,5498
bastardo,5499
bastone,5500
batterio,5501
battersi,5502
battesimo,5503
battito,5504
beato,5505
benedire,5506
benedizione,5507
benefico,5508
benestante,5509
benvenuto,5510
berretto,5511
bersaglio,5512
bestemmiare,5513
bestiame,5514
bibbia,5515
bidone,5516
biglietto da visita,5517
binario,5518
biologo,5519
biondo,5520
birreria,5521
bizzarro,5522
bolla,5523
bollente,5524
bollire,5525
bombardamento,5526
bombardare,5527
borghese,5528
borghesia,5529
borsa di studio,5530
borsellino,5531
borsetta,5532
botte,5533
bottega,5534
bottone,5535
branco,5536
brevetto,5537
briciola,5538
bruno,5539
brutale,5540
buca,5541
bucare,5542
bucato,5543
buccia,5544
buddismo,5545
buddista,5546
buffone,5547
bugiardo,5548
buongiorno,5549
burro,5550
buttare via,5551
calciare,5552
calciatore,5553
caldaia,5554
calligrafia,5555
calmare,5556
calpestare,5557
calvo,5558
calza,5559
cambiarsi,5560
camera da letto,5561
cameriera,5562
cameriere,5563
camicia,5564
camino,5565
cammello,5566
camminata,5567
campagna elettorale,5568
campana,5569
campanello,5570
campeggio,5571
canaglia,5572
canestro,5573
cantiere navale,5574
capanna,5575
capelli,5576
capitalismo,5577
cappella,5578
cappotto,5579
cappuccio,5580
capra,5581
caramella,5582
carbone,5583
carbonio,5584
carburante,5585
carezza,5586
carota,5587
carrello,5588
carro armato,5589
carrozza,5590
carrozzina,5591
carta d'identità,5592
carta da parati,5593
carta di credito,5594
casa editrice,5595
cassetto,5596
catastrofe,5597
catenaccio,5598
cattedrale,5599
cattiveria,5600
cavalcare,5601
caviglia,5602
cavolo,5603
celebrità,5604
celibe,5605
cemento,5606
cenere,5607
censurare,5608
centesimo,5609
centrale elettrica,5610
centro commerciale,5611
cera,5612
cervo,5613
cesto,5614
cetriolo,5615
chiacchierare,5616
chiamarsi,5617
chiasso,5618
chicco,5619
chiodo,5620
ciclista,5621
cinghia,5622
cinico,5623
cinquecento,5624
ciocca,5625
cioccolata,5626
cipolla,5627
circo,5628
cisterna,5629
città  natale,5630
clinica,5631
cognato,5632
colare,5633
collaboratrice,5634
collegarsi,5635
colletto,5636
collezionare,5637
colonia,5638
colossale,5639
coltello,5640
comandamento,5641
combaciare,5642
comico,5643
commerciare,5644
commosso,5645
comodamente,5646
comodità,5647
compassione,5648
compatire,5649
compatriota,5650
compleanno,5651
complimentarsi,5652
complotto,5653
comportarsi,5654
compositore,5655
comprimere,5656
comunicato stampa,5657
comunismo,5658
concentrarsi,5659
concludersi,5660
condominio,5661
conducente,5662
conduttore,5663
conferenza stampa,5664
confezionare,5665
conficcare,5666
confidenza,5667
confondersi,5668
congedo,5669
congelare,5670
congratularsi,5671
connazionale,5672
conoscente,5673
consacrare,5674
considerevole,5675
contagiare,5676
continuazione,5677
controllore,5678
convalidare,5679
convento,5680
conversare,5681
convoglio,5682
cooperare,5683
coperchio,5684
coperta,5685
corno,5686
corsia,5687
corso d'acqua,5688
corteccia,5689
cortese,5690
cortesia,5691
corvo,5692
così così,5693
cotone,5694
cranio,5695
cravatta,5696
credente,5697
credenza,5698
cristallo,5699
cristo,5700
crocifiggere,5701
crudeltà,5702
cubo,5703
cucchiaio,5704
cucciolo,5705
cucinare,5706
cucire,5707
cugina,5708
cugino,5709
cumulo,5710
cuoco,5711
cupo,5712
cupola,5713
curvare,5714
cuscino,5715
d'accordo,5716
dado,5717
dappertutto,5718
davanti a,5719
davanzale,5720
decente,5721
decesso,5722
decidersi,5723
decimo,5724
decorare,5725
decorazione,5726
dedicarsi,5727
defunto,5728
del tutto,5729
delizioso,5730
demolire,5731
demonio,5732
dentista,5733
detestare,5734
deviazione,5735
devoto,5736
di conseguenza,5737
di fronte a,5738
di nuovo,5739
di solito,5740
di tanto in tanto,5741
diabete,5742
dialetto,5743
diamante,5744
diametro,5745
dichiarazione dei redditi,5746
diciannove,5747
diciassette,5748
diciotto,5749
difettoso,5750
diffidenza,5751
diffondersi,5752
digiuno,5753
dilemma,5754
dilettante,5755
dimettersi,5756
dinastia,5757
dirigersi,5758
diritto d'autore,5759
disapprovare,5760
discendente,5761
discoteca,5762
discretamente,5763
disgrazia,5764
disgustoso,5765
disoccupato,5766
disordinato,5767
disordine,5768
dispari,5769
disprezzare,5770
disprezzo,5771
distendere,5772
distesa,5773
distintivo,5774
distratto,5775
distributore,5776
divertirsi,5777
divinità,5778
divorare,5779
divorziare,5780
divorziato,5781
divorzio,5782
dizionario,5783
doccia,5784
documentario,5785
dogana,5786
domenicale,5787
dondolare,5788
dorato,5789
dovunque,5790
dozzina,5791
drago,5792
dritto,5793
duecento,5794
duello,5795
duraturo,5796
eccessivamente,5797
eccezionalmente,5798
eccitare,5799
eccitazione,5800
ecologia,5801
ecosistema,5802
educato,5803
effetto serra,5804
egoismo,5805
elastico,5806
elefante,5807
elettrone,5808
elicottero,5809
embrione,5810
enciclopedia,5811
entusiasta,5812
equazione,5813
equipaggio,5814
eredità ,5815
ereditare,5816
erotico,5817
erroneo,5818
eruzione,5819
esagerato,5820
esausto,5821
esclamare,5822
esercitarsi,5823
esibirsi,5824
esigente,5825
esortare,5826
esortazione,5827
esotico,5828
espellere,5829
esplosivo,5830
esprimersi,5831
essere umano,5832
esteso,5833
estremità ,5834
età ,5835
eternità,5836
evadere,5837
fabbricare,5838
faccenda,5839
fagiolo,5840
fango,5841
fare attenzione,5842
fare in tempo,5843
farfalla,5844
farmacia,5845
faro,5846
fastidioso,5847
faticare,5848
fattoria,5849
fattorino,5850
favoloso,5851
fazzoletto,5852
febbre,5853
fegato,5854
fermamente,5855
fermarsi,5856
fermata,5857
fessura,5858
festeggiamento,5859
festivo,5860
fiaba,5861
fiammifero,5862
fiasco,5863
fico,5864
fidanzamento,5865
fidarsi,5866
filmare,5867
finzione,5868
fiocco,5869
fiori,5870
fiorire,5871
fisica,5872
flotta,5873
fluido,5874
fluire,5875
formidabile,5876
fossa,5877
fosso,5878
fotografo,5879
fracasso,5880
fraintendere,5881
francobollo,5882
freccia,5883
freno,5884
frequentemente,5885
frugare,5886
fucile,5887
fune,5888
funerale,5889
fungo,5890
fuochi d'artificio,5891
fuoriuscire,5892
furioso,5893
gabbia,5894
gabinetto,5895
galleggiare,5896
gallina,5897
gallo,5898
gamberetto,5899
gancio,5900
gatta,5901
gelare,5902
gelato,5903
gelido,5904
gelo,5905
gelosia,5906
gemello,5907
gene,5908
generosità,5909
gentilezza,5910
gentilmente,5911
genuino,5912
geografia,5913
geometria,5914
gesso,5915
getto,5916
ghiacciato,5917
giacca,5918
giacimento,5919
giocattolo,5920
gioire,5921
giornalismo,5922
giorno feriale,5923
giovinezza,5924
girarsi,5925
girovagare,5926
giubbotto,5927
giuramento,5928
giustiziare,5929
globo,5930
glorioso,5931
goal,5932
gomito,5933
gonna,5934
gradino,5935
gradualmente,5936
graffiare,5937
grammatica,5938
grammo,5939
granchio,5940
grano,5941
grata,5942
gratitudine,5943
grato,5944
grattare,5945
grazioso,5946
gregge,5947
griglia,5948
grotta,5949
guancia,5950
guardaroba,5951
guasto,5952
guerra civile,5953
guerriero,5954
guscio,5955
identità ,5956
idiota,5957
idolo,5958
ignorante,5959
imballaggio,5960
imbarazzante,5961
imbarazzo,5962
imbrogliare,5963
imbroglio,5964
immagazzinare,5965
immaginarsi,5966
immaginazione,5967
immortale,5968
impegnarsi,5969
implorare,5970
impotente,5971
impressionare,5972
imprigionare,5973
in alto,5974
in basso,5975
in ogni caso,5976
in parte,5977
in realtà,5978
in ritardo,5979
inaspettato,5980
inchiostro,5981
inciampare,5982
incinta,5983
inclinarsi,5984
incollare,5985
incomprensibile,5986
inconscio,5987
incontrarsi,5988
inconveniente,5989
incoraggiamento,5990
incoronare,5991
indebolire,5992
indesiderato,5993
indifeso,5994
indignazione,5995
indizio,5996
indovinello,5997
infastidire,5998
infedele,5999
infelice,6000
influente,6001
informarsi,6002
inganno,6003
ingenuo,6004
inghiottire,6005
inginocchiarsi,6006
ingoiare,6007
ingorgo,6008
ingrandire,6009
innamorarsi,6010
innamorato,6011
innocente,6012
inondare,6013
inquilino,6014
inquinare,6015
inseguimento,6016
insetto,6017
insicurezza,6018
insignificante,6019
insolito,6020
insuccesso,6021
insultare,6022
integrità ,6023
intensificare,6024
intensità ,6025
interessarsi,6026
interferire,6027
interruttore,6028
intestino,6029
intromettersi,6030
invalidità,6031
invano,6032
invecchiare,6033
invertire,6034
investigare,6035
invidia,6036
invidiare,6037
ipocrisia,6038
ipocrita,6039
ira,6040
irrilevante,6041
irritante,6042
irritare,6043
iscriversi,6044
islam,6045
ispezionare,6046
ispezione,6047
istruire,6048
istruito,6049
istruttore,6050
ladro,6051
lama,6052
lamentarsi,6053
lamentela,6054
lamento,6055
lampada,6056
lampadina,6057
lampione,6058
lampo,6059
lana,6060
larghezza,6061
lasciarsi,6062
lattina,6063
laurearsi,6064
lavaggio,6065
lavagna,6066
lavanderia,6067
lavandino,6068
lavarsi,6069
lavatrice,6070
lealtà,6071
leccare,6072
leggendario,6073
lente,6074
lenti a contatto,6075
lenzuolo,6076
leone,6077
lepre,6078
lessico,6079
letterale,6080
liberarsi,6081
libro di testo,6082
liceale,6083
limonata,6084
limone,6085
lingua madre,6086
lira,6087
liscio,6088
lite,6089
litigare,6090
litigio,6091
lodare,6092
lode,6093
luccicare,6094
lucidare,6095
luogo di nascita,6096
lussuoso,6097
macchina fotografica,6098
macellaio,6099
macellare,6100
macelleria,6101
macinare,6102
maglietta,6103
maglione,6104
magro,6105
mal di testa,6106
malcontento,6107
maledizione,6108
malinteso,6109
maltrattamento,6110
maltrattare,6111
malvagio,6112
mandarino,6113
maneggiare,6114
mania,6115
manica,6116
manico,6117
manipolare,6118
mano d'opera,6119
manoscritto,6120
mantello,6121
marciapiede,6122
marcio,6123
marea,6124
marina,6125
marinaio,6126
marmellata,6127
marrone,6128
martire,6129
mascella,6130
massacro,6131
masticare,6132
matita,6133
matricola,6134
matto,6135
mattone,6136
medio oriente,6137
mediocre,6138
meditazione,6139
melodia,6140
melone,6141
memorizzare,6142
mensola,6143
mentalmente,6144
mentire,6145
mento,6146
menzogna,6147
meravigliare,6148
meravigliarsi,6149
mercato azionario,6150
mescolanza,6151
messaggero,6152
metaforico,6153
metropolitana,6154
mettere da parte,6155
mettersi,6156
mezz'ora,6157
mezzanotte,6158
microfono,6159
miglio,6160
migrazione,6161
millimetro,6162
minaccioso,6163
minerale,6164
minestra,6165
miniera,6166
minorenne,6167
minuscolo,6168
misero,6169
missionario,6170
misurazione,6171
mite,6172
modellare,6173
modo di dire,6174
molestia,6175
molla,6176
monaco,6177
monarchia,6178
monarchico,6179
monastero,6180
mordere,6181
moschea,6182
mostrarsi,6183
motocicletta,6184
motore di ricerca,6185
mucca,6186
mucchio,6187
muffa,6188
mulino,6189
mungere,6190
muoversi,6191
muscolo,6192
muso,6193
muto,6194
mutuo,6195
nascondersi,6196
nascondiglio,6197
nebbia,6198
neonato,6199
nervo,6200
neutrale,6201
nido,6202
nocciolo,6203
noce,6204
nocivo,6205
noia,6206
noioso,6207
noleggio,6208
novanta,6209
novella,6210
nozze,6211
nubile,6212
nuca,6213
nuora,6214
nuotare,6215
nuoto,6216
nutrizione,6217
nuvola,6218
obbedire,6219
obesità ,6220
obiettare,6221
occhiali,6222
occuparsi,6223
oceano,6224
odorare,6225
offendersi,6226
offensivo,6227
offesa,6228
olimpiade,6229
oltrepassare,6230
ombrello,6231
omosessuale,6232
omosessualità,6233
opaco,6234
opporsi,6235
opprimere,6236
oratore,6237
ordinato,6238
ordine del giorno,6239
orfano,6240
orma,6241
orrendo,6242
orsacchiotto,6243
orso,6244
orto,6245
ortografia,6246
oscillare,6247
ospitale,6248
ossigeno,6249
ostello,6250
ostile,6251
ostinato,6252
ostruire,6253
ottico,6254
ovunque,6255
pacco,6256
padella,6257
padrona,6258
padroneggiare,6259
paga,6260
pagina web,6261
pala,6262
palcoscenico,6263
pallido,6264
pallottola,6265
palma,6266
palmo,6267
palo,6268
palpebra,6269
palude,6270
panca,6271
pancia,6272
panico,6273
panino,6274
panna,6275
pantofola,6276
papera,6277
parentesi,6278
parola chiave,6279
parrucchiere,6280
partigiano,6281
parto,6282
pascolare,6283
pasqua,6284
passaporto,6285
pasticca,6286
patata,6287
patente,6288
patente di guida,6289
pattumiera,6290
pauroso,6291
pazzia,6292
pecora,6293
pedagogia,6294
pedone,6295
peggioramento,6296
peggiore,6297
pellegrino,6298
pelliccia,6299
peloso,6300
pena di morte,6301
pendenza,6302
pendere,6303
pendio,6304
penitenza,6305
pennello,6306
pensionato,6307
pentimento,6308
pentirsi,6309
pentola,6310
peperone,6311
per favore,6312
per fortuna,6313
perdersi,6314
perdono,6315
perla,6316
pernottare,6317
persecuzione,6318
perseguitare,6319
persistere,6320
persuadere,6321
pervadere,6322
petizione,6323
pettegolezzo,6324
pettine,6325
pezza,6326
pianoforte,6327
piantare,6328
pianto,6329
piccante,6330
picchiare,6331
picco,6332
piegarsi,6333
pigiama,6334
pigro,6335
pila,6336
pilastro,6337
pillola,6338
piombare,6339
pipa,6340
piramide,6341
pirata,6342
pisello,6343
pista ciclabile,6344
pistola,6345
piuma,6346
pizza,6347
pizzicare,6348
plotone,6349
plurale,6350
poetessa,6351
pollice,6352
polmone,6353
polso,6354
poltrona,6355
polvere da sparo,6356
pompa,6357
pompare,6358
pompiere,6359
portacenere,6360
portare via,6361
portone,6362
posto di lavoro,6363
pozzo,6364
preavviso,6365
precipizio,6366
predicare,6367
prefazione,6368
preferibilmente,6369
prendere in prestito,6370
preoccuparsi,6371
prepararsi,6372
preparativo,6373
presentarsi,6374
presentatore,6375
preservativo,6376
presidenziale,6377
presumere,6378
presumibilmente,6379
pretesto,6380
prima colazione,6381
prima o poi,6382
primaverile,6383
primitivo,6384
primo ministro,6385
principe,6386
principessa,6387
profeta,6388
profezia,6389
profumare,6390
profumato,6391
proibito,6392
prolungare,6393
prontezza,6394
propietario,6395
proposizione,6396
prosa,6397
prosciutto,6398
prostituta,6399
prostituzione,6400
proteina,6401
proverbio,6402
provocante,6403
provvista,6404
psichiatria,6405
pullman,6406
pulsante,6407
pungente,6408
pungere,6409
punto di vista,6410
punto interrogativo,6411
purezza,6412
puttana,6413
puzzare,6414
quaderno,6415
quattordici,6416
quattrocento,6417
quercia,6418
quiete,6419
quieto,6420
racchetta,6421
raccolto,6422
radere,6423
radiazione,6424
raffreddare,6425
raffreddarsi,6426
raffreddore,6427
ragno,6428
rallegrare,6429
rallegrarsi,6430
rana,6431
rancore,6432
rango,6433
rapimento,6434
rapinare,6435
rasoio,6436
rassegnazione,6437
rata,6438
razzista,6439
razzo,6440
realizzarsi,6441
recarsi,6442
recinto,6443
recipiente,6444
reciprocamente,6445
reclamare,6446
reclutare,6447
redditizio,6448
regno unito,6449
remare,6450
rendersi conto,6451
rene,6452
reprimere,6453
repubblicano,6454
resistente,6455
retro,6456
rettile,6457
retto,6458
riassunto,6459
ribellione,6460
ricaricare,6461
riccio,6462
ricevuta,6463
ricompensa,6464
ricompensare,6465
ricordarsi,6466
riferirsi,6467
riflettersi,6468
riformare,6469
rifornimento,6470
rifornire,6471
riguardo a,6472
rilassarsi,6473
riluttante,6474
rimanere indietro,6475
rimpiangere,6476
rinforzo,6477
rinnegare,6478
riordinare,6479
ripetersi,6480
ripetizione,6481
ripetutamente,6482
ripido,6483
risarcire,6484
riscaldare,6485
riservatezza,6486
risoluto,6487
risuonare,6488
ritrarre,6489
ritrovarsi,6490
ritrovo,6491
rivale,6492
rivelarsi,6493
rivendicazione,6494
rompersi,6495
ronzare,6496
rotolare,6497
rotolo,6498
rotto,6499
roulotte,6500
rubinetto,6501
rugiada,6502
rumoroso,6503
sabato,6504
sacramento,6505
salame,6506
salato,6507
saldo,6508
salice,6509
saliva,6510
salmo,6511
salmone,6512
salotto,6513
salsa,6514
salsiccia,6515
salutarsi,6516
salvatore,6517
salve,6518
sanguinare,6519
sanguinoso,6520
sapiente,6521
sasso,6522
saziare,6523
sbaglio,6524
sbarco,6525
sbarra,6526
sbirciare,6527
sbrigare,6528
sbrigarsi,6529
scaffale,6530
scambiarsi,6531
scapolo,6532
scheletro,6533
schiavitù,6534
schiavo,6535
schifoso,6536
schiuma,6537
schizzo,6538
sci,6539
scia,6540
sciarpa,6541
scimmia,6542
scintilla,6543
sciocchezza,6544
sciocco,6545
scivolo,6546
scodella,6547
scogliera,6548
scommessa,6549
scommettere,6550
scomodo,6551
scopare,6552
scoppio,6553
scoraggiare,6554
scossa,6555
scrivania,6556
scudo,6557
scuola elementare,6558
scuola materna,6559
scuola media,6560
scuola superiore,6561
scusarsi,6562
sdraiarsi,6563
secchio,6564
sedersi,6565
sedia a rotelle,6566
sedici,6567
sedile,6568
seicento,6569
semaforo,6570
seminare,6571
sentimentale,6572
sentirsi,6573
separarsi,6574
serale,6575
serbatoio,6576
serietà,6577
serpente,6578
serra,6579
serratura,6580
servizi segreti,6581
servo,6582
sessualità,6583
seta,6584
sete,6585
settecento,6586
sfogliare,6587
sfortuna,6588
sfortunatamente,6589
sfortunato,6590
sforzarsi,6591
sfumatura,6592
sgradevole,6593
sgridare,6594
sigillare,6595
sigillo,6596
simultaneamente,6597
sincerità,6598
sistematicamente,6599
sito web,6600
slancio,6601
slavo,6602
smarrito,6603
smontare,6604
snello,6605
sobborgo,6606
sobrio,6607
soccorrere,6608
società  per azioni,6609
sociologia,6610
soffiare,6611
soffocare,6612
soggiornare,6613
sollievo,6614
somiglianza,6615
sonnellino,6616
sopracciglio,6617
soprannome,6618
sordo,6619
sorpassare,6620
sorprendersi,6621
sorteggio,6622
sorvegliare,6623
sospettoso,6624
sospirare,6625
sospiro,6626
sottomettere,6627
sottoporsi,6628
sottotitolo,6629
sovrano,6630
sovvenzionare,6631
spago,6632
spalancare,6633
spalmare,6634
spaventarsi,6635
spaventoso,6636
spazioso,6637
spazzare,6638
spazzatura,6639
spazzola,6640
specializzarsi,6641
speculare,6642
speculazione,6643
spiacevole,6644
spina,6645
splendere,6646
splendore,6647
spogliare,6648
spogliarsi,6649
sporcizia,6650
sporgere,6651
sposarsi,6652
sposato,6653
spostarsi,6654
spremere,6655
spruzzare,6656
spugna,6657
spuntino,6658
sputare,6659
squisito,6660
stabilirsi,6661
staccarsi,6662
stagno,6663
stalla,6664
stampo,6665
stancare,6666
stancarsi,6667
stanchezza,6668
stare attento,6669
statura,6670
stendersi,6671
stereotipo,6672
sterzo,6673
stirare,6674
stomaco,6675
storto,6676
straccio,6677
strappo,6678
strillare,6679
striscia,6680
strisciare,6681
strofinare,6682
stropicciare,6683
stupidità,6684
stupirsi,6685
stupore,6686
stupro,6687
subacqueo,6688
succhiare,6689
succo,6690
sudore,6691
suicidio,6692
suocero,6693
superbo,6694
superfluo,6695
superiorità,6696
supplemento,6697
supplente,6698
supplicare,6699
supposizione,6700
sussidio,6701
sussurro,6702
svanire,6703
svegliarsi,6704
sveglio,6705
svenire,6706
svitare,6707
svolgersi,6708
svoltare,6709
svuotare,6710
tacco,6711
tagliente,6712
tallone,6713
tamburo,6714
tana,6715
tappeto,6716
tardare,6717
tassare,6718
tatto,6719
tazza,6720
tela,6721
telecomando,6722
telefono cellulare,6723
telescopio,6724
temperamento,6725
tenda,6726
tenente,6727
tenero,6728
tennis,6729
teologo,6730
teoricamente,6731
terminologia,6732
termometro,6733
terrazza,6734
testamento,6735
tiepido,6736
tigre,6737
timbrare,6738
timbro,6739
timone,6740
tipicamente,6741
tirare fuori,6742
tizio,6743
tollerante,6744
tondo,6745
topo,6746
toppa,6747
torace,6748
torcia,6749
tormentare,6750
tormento,6751
toro,6752
torrente,6753
torta,6754
torturare,6755
tosse,6756
tossico,6757
tossicodipendente,6758
tossire,6759
tradimento,6760
traditore,6761
traduttore,6762
traghetto,6763
tram,6764
tramontare,6765
trappola,6766
trascrivere,6767
trasferirsi,6768
trasformarsi,6769
traslocare,6770
trasloco,6771
trauma,6772
trecento,6773
tredici,6774
tremare,6775
triangolo,6776
tribù,6777
trinità,6778
tronco,6779
trono,6780
trovarsi,6781
truccarsi,6782
trucco,6783
truffa,6784
tubo,6785
tuffarsi,6786
tuffo,6787
tunnel,6788
tuono,6789
turbare,6790
tuta,6791
tutore,6792
ubriaco,6793
uccisione,6794
udito,6795
ufficio postale,6796
ululare,6797
umanità ,6798
umidità ,6799
umido,6800
umile,6801
umiliare,6802
umiltà,6803
umorismo,6804
unanime,6805
unghia,6806
unificare,6807
unità ,6808
università ,6809
uranio,6810
urtare,6811
usanza,6812
usura,6813
utilità ,6814
vaccino,6815
vagabondo,6816
vagare,6817
vago,6818
vagone,6819
valico,6820
valuta,6821
vantaggioso,6822
vantarsi,6823
vapore,6824
vasca,6825
vasca da bagno,6826
vassoio,6827
vecchiaia,6828
vedovo,6829
veduta,6830
vegetazione,6831
vela,6832
veleno,6833
velenoso,6834
verbo,6835
vergine,6836
vergognarsi,6837
verme,6838
verniciare,6839
vestirsi,6840
veterinario,6841
vetta,6842
vibrare,6843
vicolo,6844
videocamera,6845
vietato,6846
vigile del fuoco,6847
vincitrice,6848
viola,6849
violino,6850
vite,6851
vocabolario,6852
vocale,6853
volantino,6854
volare via,6855
volenteroso,6856
voltarsi,6857
vomitare,6858
vuotare,6859
zaino,6860
zampa,6861
zanzara,6862
zingaro,6863
zoccolo,6864
zuppa,6865
